experiment_id,timestamp,model_type,dataset,fold_id,seed,scenario,window_size,alphabet_size,threshold,n_samples,n_anomalies_true,n_anomalies_pred,accuracy,precision,recall,f1,tp,tn,fp,fn,training_time,inference_time,notes
6dfa1c7a,2026-06-03T07:35:23Z,LSTM,SKAB,SKAB_fold_1,42,original,,,0.5,4515,1546,0,0.6576,0.0,0.0,0.0,0,2969,0,1546,9.590518712997437,0.6435747146606445,
3f256a93,2026-06-03T07:35:23Z,1D-CNN,SKAB,SKAB_fold_1,42,original,,,0.5,4515,1546,0,0.6576,0.0,0.0,0.0,0,2969,0,1546,5.396976470947266,0.45998406410217285,
5a205fee,2026-06-03T07:35:23Z,GRU,SKAB,SKAB_fold_1,42,original,,,0.5,4515,1546,0,0.6576,0.0,0.0,0.0,0,2969,0,1546,7.850142478942871,0.762061595916748,
456cb515,2026-06-03T07:35:23Z,LSTM,SKAB,SKAB_fold_2,42,original,,,0.5,4427,1598,0,0.639,0.0,0.0,0.0,0,2829,0,1598,9.590518712997437,0.6968610286712646,
7131730e,2026-06-03T07:35:23Z,1D-CNN,SKAB,SKAB_fold_2,42,original,,,0.5,4427,1598,0,0.639,0.0,0.0,0.0,0,2829,0,1598,5.396976470947266,0.4419283866882324,
d37e1cca,2026-06-03T07:35:23Z,GRU,SKAB,SKAB_fold_2,42,original,,,0.5,4427,1598,0,0.639,0.0,0.0,0.0,0,2829,0,1598,7.850142478942871,0.6030714511871338,
f2801136,2026-06-03T07:35:23Z,LSTM,SKAB,SKAB_fold_3,42,original,,,0.5,4506,1542,0,0.6578,0.0,0.0,0.0,0,2964,0,1542,9.590518712997437,0.721423864364624,
b219530b,2026-06-03T07:35:23Z,1D-CNN,SKAB,SKAB_fold_3,42,original,,,0.5,4506,1542,0,0.6578,0.0,0.0,0.0,0,2964,0,1542,5.396976470947266,0.45132875442504883,
e36932d7,2026-06-03T07:35:23Z,GRU,SKAB,SKAB_fold_3,42,original,,,0.5,4506,1542,0,0.6578,0.0,0.0,0.0,0,2964,0,1542,7.850142478942871,0.794269323348999,
e2f11433,2026-06-03T07:35:23Z,LSTM,SKAB,SKAB_fold_4,42,original,,,0.5,4515,1605,0,0.6445,0.0,0.0,0.0,0,2910,0,1605,9.590518712997437,0.6809027194976807,
02584f1c,2026-06-03T07:35:23Z,1D-CNN,SKAB,SKAB_fold_4,42,original,,,0.5,4515,1605,0,0.6445,0.0,0.0,0.0,0,2910,0,1605,5.396976470947266,0.4414970874786377,
f192c0b4,2026-06-03T07:35:23Z,GRU,SKAB,SKAB_fold_4,42,original,,,0.5,4515,1605,0,0.6445,0.0,0.0,0.0,0,2910,0,1605,7.850142478942871,0.5830261707305908,
cc278f2e,2026-06-03T07:35:23Z,LSTM,SKAB,SKAB_fold_5,42,original,,,0.5,4494,1535,0,0.6584,0.0,0.0,0.0,0,2959,0,1535,9.590518712997437,0.6303939819335938,
e2a1d3e5,2026-06-03T07:35:23Z,1D-CNN,SKAB,SKAB_fold_5,42,original,,,0.5,4494,1535,0,0.6584,0.0,0.0,0.0,0,2959,0,1535,5.396976470947266,0.3930225372314453,
57593108,2026-06-03T07:35:23Z,GRU,SKAB,SKAB_fold_5,42,original,,,0.5,4494,1535,0,0.6584,0.0,0.0,0.0,0,2959,0,1535,7.850142478942871,0.5331716537475586,
5ecf7bff,2026-06-03T07:35:23Z,LSTM,BATADAL,,42,original,,,0.5,833,80,0,0.904,0.0,0.0,0.0,0,753,0,80,9.590518712997437,0.3845047950744629,
b1b450ad,2026-06-03T07:35:23Z,1D-CNN,BATADAL,,42,original,,,0.5,833,80,0,0.904,0.0,0.0,0.0,0,753,0,80,5.396976470947266,0.2575082778930664,
fa46b112,2026-06-03T07:35:23Z,GRU,BATADAL,,42,original,,,0.5,833,80,0,0.904,0.0,0.0,0.0,0,753,0,80,7.850142478942871,0.38127565383911133,
fbaa1d38,2026-06-03T07:35:23Z,ProbabilisticAutomata,SKAB,SKAB_fold_1,42,original,,,0.05,4515,1546,138,0.6483,0.3478,0.031,0.057,48,2879,90,1498,0.07365536689758301,0.02409815788269043,
39bfd914,2026-06-03T07:35:23Z,ProbabilisticAutomata,SKAB,SKAB_fold_2,42,original,,,0.05,4427,1598,36,0.6327,0.1111,0.0025,0.0049,4,2797,32,1594,0.07365536689758301,0.02336406707763672,
a76459ec,2026-06-03T07:35:23Z,ProbabilisticAutomata,SKAB,SKAB_fold_3,42,original,,,0.05,4506,1542,5,0.6567,0.0,0.0,0.0,0,2959,5,1542,0.07365536689758301,0.026371479034423828,
8b0761d4,2026-06-03T07:35:23Z,ProbabilisticAutomata,SKAB,SKAB_fold_4,42,original,,,0.05,4515,1605,40,0.6432,0.425,0.0106,0.0207,17,2887,23,1588,0.07365536689758301,0.024937868118286133,
42a00b07,2026-06-03T07:35:23Z,ProbabilisticAutomata,SKAB,SKAB_fold_5,42,original,,,0.05,4494,1535,24,0.6544,0.125,0.002,0.0038,3,2938,21,1532,0.07365536689758301,0.02389812469482422,
17f1deb5,2026-06-03T07:35:23Z,ProbabilisticAutomata,BATADAL,,42,original,,,0.05,833,80,31,0.8739,0.0968,0.0375,0.0541,3,725,28,77,0.013705968856811523,0.008069515228271484,
1a8c117c,2026-06-03T07:35:36Z,LSTM,SKAB,SKAB_fold_1_noisy,42,noisy,,,0.5,4515,1546,0,0.6576,0.0,0.0,0.0,0,2969,0,1546,9.590518712997437,0.511115550994873,
6454bb01,2026-06-03T07:35:36Z,1D-CNN,SKAB,SKAB_fold_1_noisy,42,noisy,,,0.5,4515,1546,0,0.6576,0.0,0.0,0.0,0,2969,0,1546,5.396976470947266,0.43152594566345215,
e7e7575d,2026-06-03T07:35:36Z,GRU,SKAB,SKAB_fold_1_noisy,42,noisy,,,0.5,4515,1546,0,0.6576,0.0,0.0,0.0,0,2969,0,1546,7.850142478942871,0.7473495006561279,
0b82824b,2026-06-03T07:35:36Z,LSTM,SKAB,SKAB_fold_2_noisy,42,noisy,,,0.5,4427,1598,0,0.639,0.0,0.0,0.0,0,2829,0,1598,9.590518712997437,0.6722021102905273,
52c9d613,2026-06-03T07:35:36Z,1D-CNN,SKAB,SKAB_fold_2_noisy,42,noisy,,,0.5,4427,1598,0,0.639,0.0,0.0,0.0,0,2829,0,1598,5.396976470947266,0.48314571380615234,
c1a28d09,2026-06-03T07:35:36Z,GRU,SKAB,SKAB_fold_2_noisy,42,noisy,,,0.5,4427,1598,0,0.639,0.0,0.0,0.0,0,2829,0,1598,7.850142478942871,0.6533951759338379,
b5ce0148,2026-06-03T07:35:36Z,LSTM,SKAB,SKAB_fold_3_noisy,42,noisy,,,0.5,4506,1542,0,0.6578,0.0,0.0,0.0,0,2964,0,1542,9.590518712997437,0.7304339408874512,
2b16f3d6,2026-06-03T07:35:36Z,1D-CNN,SKAB,SKAB_fold_3_noisy,42,noisy,,,0.5,4506,1542,0,0.6578,0.0,0.0,0.0,0,2964,0,1542,5.396976470947266,0.497298002243042,
ea092004,2026-06-03T07:35:36Z,GRU,SKAB,SKAB_fold_3_noisy,42,noisy,,,0.5,4506,1542,0,0.6578,0.0,0.0,0.0,0,2964,0,1542,7.850142478942871,0.7062807083129883,
efd8e1e6,2026-06-03T07:35:36Z,LSTM,SKAB,SKAB_fold_4_noisy,42,noisy,,,0.5,4515,1605,0,0.6445,0.0,0.0,0.0,0,2910,0,1605,9.590518712997437,0.673119306564331,
163e51e9,2026-06-03T07:35:36Z,1D-CNN,SKAB,SKAB_fold_4_noisy,42,noisy,,,0.5,4515,1605,0,0.6445,0.0,0.0,0.0,0,2910,0,1605,5.396976470947266,0.5095889568328857,
fcfa201a,2026-06-03T07:35:36Z,GRU,SKAB,SKAB_fold_4_noisy,42,noisy,,,0.5,4515,1605,0,0.6445,0.0,0.0,0.0,0,2910,0,1605,7.850142478942871,0.6768746376037598,
b152c1d3,2026-06-03T07:35:36Z,LSTM,SKAB,SKAB_fold_5_noisy,42,noisy,,,0.5,4494,1535,0,0.6584,0.0,0.0,0.0,0,2959,0,1535,9.590518712997437,0.6405086517333984,
4f444af8,2026-06-03T07:35:36Z,1D-CNN,SKAB,SKAB_fold_5_noisy,42,noisy,,,0.5,4494,1535,0,0.6584,0.0,0.0,0.0,0,2959,0,1535,5.396976470947266,0.46372103691101074,
e3ef33a6,2026-06-03T07:35:36Z,GRU,SKAB,SKAB_fold_5_noisy,42,noisy,,,0.5,4494,1535,0,0.6584,0.0,0.0,0.0,0,2959,0,1535,7.850142478942871,1.1573987007141113,
3f2c1723,2026-06-03T07:35:36Z,LSTM,BATADAL,,42,noisy,,,0.5,833,80,0,0.904,0.0,0.0,0.0,0,753,0,80,9.590518712997437,0.5024697780609131,
72920d08,2026-06-03T07:35:36Z,1D-CNN,BATADAL,,42,noisy,,,0.5,833,80,0,0.904,0.0,0.0,0.0,0,753,0,80,5.396976470947266,0.2928924560546875,
0c1ab29a,2026-06-03T07:35:36Z,GRU,BATADAL,,42,noisy,,,0.5,833,80,0,0.904,0.0,0.0,0.0,0,753,0,80,7.850142478942871,0.49243903160095215,
d3a307df,2026-06-03T07:35:36Z,ProbabilisticAutomata,SKAB,SKAB_fold_1_noisy,42,noisy,,,0.05,4515,1546,1090,0.5849,0.3495,0.2464,0.2891,381,2260,709,1165,0.07365536689758301,0.026500225067138672,
9c5a2d1d,2026-06-03T07:35:36Z,ProbabilisticAutomata,SKAB,SKAB_fold_2_noisy,42,noisy,,,0.05,4427,1598,703,0.5593,0.2489,0.1095,0.1521,175,2301,528,1423,0.07365536689758301,0.024929523468017578,
5b9db520,2026-06-03T07:35:36Z,ProbabilisticAutomata,SKAB,SKAB_fold_3_noisy,42,noisy,,,0.05,4506,1542,454,0.5921,0.174,0.0512,0.0792,79,2589,375,1463,0.07365536689758301,0.02728581428527832,
b6849afa,2026-06-03T07:35:36Z,ProbabilisticAutomata,SKAB,SKAB_fold_4_noisy,42,noisy,,,0.05,4515,1605,449,0.6128,0.3408,0.0953,0.149,153,2614,296,1452,0.07365536689758301,0.026915311813354492,
4bed0636,2026-06-03T07:35:36Z,ProbabilisticAutomata,SKAB,SKAB_fold_5_noisy,42,noisy,,,0.05,4494,1535,608,0.5739,0.1875,0.0743,0.1064,114,2465,494,1421,0.07365536689758301,0.0269622802734375,
49b84fb1,2026-06-03T07:35:36Z,ProbabilisticAutomata,BATADAL,,42,noisy,,,0.05,833,80,107,0.7947,0.0748,0.1,0.0856,8,654,99,72,0.013705968856811523,0.008276700973510742,
0afc3e07,2026-06-03T07:35:47Z,LSTM,SKAB,SKAB_fold_1_unseen,42,unseen,,,0.5,4515,1546,0,0.6576,0.0,0.0,0.0,0,2969,0,1546,9.590518712997437,0.6881387233734131,
9cf1a62e,2026-06-03T07:35:47Z,1D-CNN,SKAB,SKAB_fold_1_unseen,42,unseen,,,0.5,4515,1546,0,0.6576,0.0,0.0,0.0,0,2969,0,1546,5.396976470947266,0.5027437210083008,
615838f3,2026-06-03T07:35:47Z,GRU,SKAB,SKAB_fold_1_unseen,42,unseen,,,0.5,4515,1546,0,0.6576,0.0,0.0,0.0,0,2969,0,1546,7.850142478942871,0.7700691223144531,
a9506ecb,2026-06-03T07:35:47Z,LSTM,SKAB,SKAB_fold_2_unseen,42,unseen,,,0.5,4427,1598,0,0.639,0.0,0.0,0.0,0,2829,0,1598,9.590518712997437,0.5307614803314209,
735a2020,2026-06-03T07:35:47Z,1D-CNN,SKAB,SKAB_fold_2_unseen,42,unseen,,,0.5,4427,1598,0,0.639,0.0,0.0,0.0,0,2829,0,1598,5.396976470947266,0.455524206161499,
049bfee1,2026-06-03T07:35:47Z,GRU,SKAB,SKAB_fold_2_unseen,42,unseen,,,0.5,4427,1598,0,0.639,0.0,0.0,0.0,0,2829,0,1598,7.850142478942871,0.7345371246337891,
16553c65,2026-06-03T07:35:47Z,LSTM,SKAB,SKAB_fold_3_unseen,42,unseen,,,0.5,4506,1542,0,0.6578,0.0,0.0,0.0,0,2964,0,1542,9.590518712997437,0.6666650772094727,
4d328740,2026-06-03T07:35:47Z,1D-CNN,SKAB,SKAB_fold_3_unseen,42,unseen,,,0.5,4506,1542,0,0.6578,0.0,0.0,0.0,0,2964,0,1542,5.396976470947266,0.4782860279083252,
2168c8c1,2026-06-03T07:35:47Z,GRU,SKAB,SKAB_fold_3_unseen,42,unseen,,,0.5,4506,1542,0,0.6578,0.0,0.0,0.0,0,2964,0,1542,7.850142478942871,0.6368772983551025,
ff93f5ce,2026-06-03T07:35:47Z,LSTM,SKAB,SKAB_fold_4_unseen,42,unseen,,,0.5,4515,1605,0,0.6445,0.0,0.0,0.0,0,2910,0,1605,9.590518712997437,0.5472323894500732,
735981a6,2026-06-03T07:35:47Z,1D-CNN,SKAB,SKAB_fold_4_unseen,42,unseen,,,0.5,4515,1605,0,0.6445,0.0,0.0,0.0,0,2910,0,1605,5.396976470947266,0.4187016487121582,
9346d486,2026-06-03T07:35:47Z,GRU,SKAB,SKAB_fold_4_unseen,42,unseen,,,0.5,4515,1605,0,0.6445,0.0,0.0,0.0,0,2910,0,1605,7.850142478942871,0.7004444599151611,
263fa13c,2026-06-03T07:35:47Z,LSTM,SKAB,SKAB_fold_5_unseen,42,unseen,,,0.5,4494,1535,0,0.6584,0.0,0.0,0.0,0,2959,0,1535,9.590518712997437,0.5437605381011963,
4cca9811,2026-06-03T07:35:47Z,1D-CNN,SKAB,SKAB_fold_5_unseen,42,unseen,,,0.5,4494,1535,0,0.6584,0.0,0.0,0.0,0,2959,0,1535,5.396976470947266,0.39345598220825195,
3369b008,2026-06-03T07:35:47Z,GRU,SKAB,SKAB_fold_5_unseen,42,unseen,,,0.5,4494,1535,0,0.6584,0.0,0.0,0.0,0,2959,0,1535,7.850142478942871,0.5766868591308594,
6533f89c,2026-06-03T07:35:47Z,LSTM,BATADAL,,42,unseen,,,0.5,833,80,0,0.904,0.0,0.0,0.0,0,753,0,80,9.590518712997437,0.33307814598083496,
5a51fe8f,2026-06-03T07:35:47Z,1D-CNN,BATADAL,,42,unseen,,,0.5,833,80,0,0.904,0.0,0.0,0.0,0,753,0,80,5.396976470947266,0.22635722160339355,
8585df72,2026-06-03T07:35:47Z,GRU,BATADAL,,42,unseen,,,0.5,833,80,0,0.904,0.0,0.0,0.0,0,753,0,80,7.850142478942871,0.4299733638763428,
113b1c4f,2026-06-03T07:35:47Z,ProbabilisticAutomata,SKAB,SKAB_fold_1_unseen,42,unseen,,,0.05,4515,1546,454,0.6288,0.3568,0.1048,0.162,162,2677,292,1384,0.07365536689758301,0.02711653709411621,
706bc4bb,2026-06-03T07:35:47Z,ProbabilisticAutomata,SKAB,SKAB_fold_2_unseen,42,unseen,,,0.05,4427,1598,439,0.6103,0.3554,0.0976,0.1532,156,2546,283,1442,0.07365536689758301,0.026328563690185547,
17d29f2b,2026-06-03T07:35:47Z,ProbabilisticAutomata,SKAB,SKAB_fold_3_unseen,42,unseen,,,0.05,4506,1542,233,0.6354,0.2833,0.0428,0.0744,66,2797,167,1476,0.07365536689758301,0.023673057556152344,
635a1329,2026-06-03T07:35:47Z,ProbabilisticAutomata,SKAB,SKAB_fold_4_unseen,42,unseen,,,0.05,4515,1605,258,0.6286,0.3605,0.0579,0.0998,93,2745,165,1512,0.07365536689758301,0.025858640670776367,
fc80333f,2026-06-03T07:35:47Z,ProbabilisticAutomata,SKAB,SKAB_fold_5_unseen,42,unseen,,,0.05,4494,1535,438,0.6255,0.3311,0.0945,0.147,145,2666,293,1390,0.07365536689758301,0.02593255043029785,
a68bac42,2026-06-03T07:35:47Z,ProbabilisticAutomata,BATADAL,,42,unseen,,,0.05,833,80,94,0.8175,0.117,0.1375,0.1264,11,670,83,69,0.013705968856811523,0.007845163345336914,
e32a064d,2026-06-03T07:40:21Z,LSTM,SKAB,SKAB_fold_1,123,original,,,0.5,4515,1546,0,0.6576,0.0,0.0,0.0,0,2969,0,1546,9.131176471710205,0.6786015033721924,
fc91c447,2026-06-03T07:40:21Z,1D-CNN,SKAB,SKAB_fold_1,123,original,,,0.5,4515,1546,0,0.6576,0.0,0.0,0.0,0,2969,0,1546,5.475814342498779,0.5125105381011963,
28637725,2026-06-03T07:40:21Z,GRU,SKAB,SKAB_fold_1,123,original,,,0.5,4515,1546,0,0.6576,0.0,0.0,0.0,0,2969,0,1546,10.29713225364685,0.714036226272583,
fa6e542b,2026-06-03T07:40:21Z,LSTM,SKAB,SKAB_fold_2,123,original,,,0.5,4427,1598,0,0.639,0.0,0.0,0.0,0,2829,0,1598,9.131176471710205,0.7244212627410889,
da0c20b5,2026-06-03T07:40:21Z,1D-CNN,SKAB,SKAB_fold_2,123,original,,,0.5,4427,1598,0,0.639,0.0,0.0,0.0,0,2829,0,1598,5.475814342498779,0.5005650520324707,
499d8454,2026-06-03T07:40:21Z,GRU,SKAB,SKAB_fold_2,123,original,,,0.5,4427,1598,0,0.639,0.0,0.0,0.0,0,2829,0,1598,10.29713225364685,0.6819217205047607,
1cacf6bd,2026-06-03T07:40:21Z,LSTM,SKAB,SKAB_fold_3,123,original,,,0.5,4506,1542,0,0.6578,0.0,0.0,0.0,0,2964,0,1542,9.131176471710205,0.7205562591552734,
7c8b3e7c,2026-06-03T07:40:21Z,1D-CNN,SKAB,SKAB_fold_3,123,original,,,0.5,4506,1542,0,0.6578,0.0,0.0,0.0,0,2964,0,1542,5.475814342498779,0.46689653396606445,
ab14797d,2026-06-03T07:40:21Z,GRU,SKAB,SKAB_fold_3,123,original,,,0.5,4506,1542,0,0.6578,0.0,0.0,0.0,0,2964,0,1542,10.29713225364685,0.7056407928466797,
e387347b,2026-06-03T07:40:21Z,LSTM,SKAB,SKAB_fold_4,123,original,,,0.5,4515,1605,0,0.6445,0.0,0.0,0.0,0,2910,0,1605,9.131176471710205,0.7107152938842773,
e2d0a9b0,2026-06-03T07:40:21Z,1D-CNN,SKAB,SKAB_fold_4,123,original,,,0.5,4515,1605,0,0.6445,0.0,0.0,0.0,0,2910,0,1605,5.475814342498779,0.4546852111816406,
d626be2b,2026-06-03T07:40:21Z,GRU,SKAB,SKAB_fold_4,123,original,,,0.5,4515,1605,0,0.6445,0.0,0.0,0.0,0,2910,0,1605,10.29713225364685,0.571028470993042,
2fdef5a1,2026-06-03T07:40:21Z,LSTM,SKAB,SKAB_fold_5,123,original,,,0.5,4494,1535,0,0.6584,0.0,0.0,0.0,0,2959,0,1535,9.131176471710205,1.1391410827636719,
38706335,2026-06-03T07:40:21Z,1D-CNN,SKAB,SKAB_fold_5,123,original,,,0.5,4494,1535,0,0.6584,0.0,0.0,0.0,0,2959,0,1535,5.475814342498779,0.42580413818359375,
b85df9e3,2026-06-03T07:40:21Z,GRU,SKAB,SKAB_fold_5,123,original,,,0.5,4494,1535,0,0.6584,0.0,0.0,0.0,0,2959,0,1535,10.29713225364685,0.5524823665618896,
050bd5f6,2026-06-03T07:40:21Z,LSTM,BATADAL,,123,original,,,0.5,833,80,0,0.904,0.0,0.0,0.0,0,753,0,80,9.131176471710205,0.4096200466156006,
d2565d04,2026-06-03T07:40:21Z,1D-CNN,BATADAL,,123,original,,,0.5,833,80,0,0.904,0.0,0.0,0.0,0,753,0,80,5.475814342498779,0.301257848739624,
fb561126,2026-06-03T07:40:21Z,GRU,BATADAL,,123,original,,,0.5,833,80,0,0.904,0.0,0.0,0.0,0,753,0,80,10.29713225364685,0.5433180332183838,
939fe1ad,2026-06-03T07:40:21Z,ProbabilisticAutomata,SKAB,SKAB_fold_1,123,original,,,0.05,4515,1546,138,0.6483,0.3478,0.031,0.057,48,2879,90,1498,0.0741124153137207,0.03697919845581055,
83570395,2026-06-03T07:40:21Z,ProbabilisticAutomata,SKAB,SKAB_fold_2,123,original,,,0.05,4427,1598,36,0.6327,0.1111,0.0025,0.0049,4,2797,32,1594,0.0741124153137207,0.03350257873535156,
c16d63a8,2026-06-03T07:40:21Z,ProbabilisticAutomata,SKAB,SKAB_fold_3,123,original,,,0.05,4506,1542,5,0.6567,0.0,0.0,0.0,0,2959,5,1542,0.0741124153137207,0.02827620506286621,
999c79eb,2026-06-03T07:40:21Z,ProbabilisticAutomata,SKAB,SKAB_fold_4,123,original,,,0.05,4515,1605,40,0.6432,0.425,0.0106,0.0207,17,2887,23,1588,0.0741124153137207,0.02536940574645996,
07088120,2026-06-03T07:40:21Z,ProbabilisticAutomata,SKAB,SKAB_fold_5,123,original,,,0.05,4494,1535,24,0.6544,0.125,0.002,0.0038,3,2938,21,1532,0.0741124153137207,0.022734642028808594,
584a8194,2026-06-03T07:40:21Z,ProbabilisticAutomata,BATADAL,,123,original,,,0.05,833,80,31,0.8739,0.0968,0.0375,0.0541,3,725,28,77,0.014501333236694336,0.0076446533203125,
13fcb8f7,2026-06-03T07:40:33Z,LSTM,SKAB,SKAB_fold_1_noisy,123,noisy,,,0.5,4515,1546,0,0.6576,0.0,0.0,0.0,0,2969,0,1546,9.131176471710205,0.5384523868560791,
37285d03,2026-06-03T07:40:33Z,1D-CNN,SKAB,SKAB_fold_1_noisy,123,noisy,,,0.5,4515,1546,0,0.6576,0.0,0.0,0.0,0,2969,0,1546,5.475814342498779,0.44232940673828125,
e55e3e0d,2026-06-03T07:40:33Z,GRU,SKAB,SKAB_fold_1_noisy,123,noisy,,,0.5,4515,1546,0,0.6576,0.0,0.0,0.0,0,2969,0,1546,10.29713225364685,0.5687034130096436,
8601db7c,2026-06-03T07:40:33Z,LSTM,SKAB,SKAB_fold_2_noisy,123,noisy,,,0.5,4427,1598,0,0.639,0.0,0.0,0.0,0,2829,0,1598,9.131176471710205,0.5186054706573486,
2b63400d,2026-06-03T07:40:33Z,1D-CNN,SKAB,SKAB_fold_2_noisy,123,noisy,,,0.5,4427,1598,0,0.639,0.0,0.0,0.0,0,2829,0,1598,5.475814342498779,0.421903133392334,
3497db74,2026-06-03T07:40:33Z,GRU,SKAB,SKAB_fold_2_noisy,123,noisy,,,0.5,4427,1598,0,0.639,0.0,0.0,0.0,0,2829,0,1598,10.29713225364685,0.6361870765686035,
6a6d4f75,2026-06-03T07:40:33Z,LSTM,SKAB,SKAB_fold_3_noisy,123,noisy,,,0.5,4506,1542,0,0.6578,0.0,0.0,0.0,0,2964,0,1542,9.131176471710205,0.5770766735076904,
355c4aae,2026-06-03T07:40:33Z,1D-CNN,SKAB,SKAB_fold_3_noisy,123,noisy,,,0.5,4506,1542,0,0.6578,0.0,0.0,0.0,0,2964,0,1542,5.475814342498779,0.44281983375549316,
931da2b7,2026-06-03T07:40:33Z,GRU,SKAB,SKAB_fold_3_noisy,123,noisy,,,0.5,4506,1542,0,0.6578,0.0,0.0,0.0,0,2964,0,1542,10.29713225364685,0.5540101528167725,
8fcc574a,2026-06-03T07:40:33Z,LSTM,SKAB,SKAB_fold_4_noisy,123,noisy,,,0.5,4515,1605,0,0.6445,0.0,0.0,0.0,0,2910,0,1605,9.131176471710205,0.5322866439819336,
e1356e93,2026-06-03T07:40:33Z,1D-CNN,SKAB,SKAB_fold_4_noisy,123,noisy,,,0.5,4515,1605,0,0.6445,0.0,0.0,0.0,0,2910,0,1605,5.475814342498779,0.46654510498046875,
e2871132,2026-06-03T07:40:33Z,GRU,SKAB,SKAB_fold_4_noisy,123,noisy,,,0.5,4515,1605,0,0.6445,0.0,0.0,0.0,0,2910,0,1605,10.29713225364685,0.7458877563476562,
60134b8f,2026-06-03T07:40:33Z,LSTM,SKAB,SKAB_fold_5_noisy,123,noisy,,,0.5,4494,1535,0,0.6584,0.0,0.0,0.0,0,2959,0,1535,9.131176471710205,0.7304320335388184,
86ec08c7,2026-06-03T07:40:33Z,1D-CNN,SKAB,SKAB_fold_5_noisy,123,noisy,,,0.5,4494,1535,0,0.6584,0.0,0.0,0.0,0,2959,0,1535,5.475814342498779,0.4948854446411133,
7c5f5c18,2026-06-03T07:40:33Z,GRU,SKAB,SKAB_fold_5_noisy,123,noisy,,,0.5,4494,1535,0,0.6584,0.0,0.0,0.0,0,2959,0,1535,10.29713225364685,0.7860939502716064,
ce065946,2026-06-03T07:40:33Z,LSTM,BATADAL,,123,noisy,,,0.5,833,80,0,0.904,0.0,0.0,0.0,0,753,0,80,9.131176471710205,0.5275335311889648,
9854c73e,2026-06-03T07:40:33Z,1D-CNN,BATADAL,,123,noisy,,,0.5,833,80,0,0.904,0.0,0.0,0.0,0,753,0,80,5.475814342498779,0.32104063034057617,
99f1bf2b,2026-06-03T07:40:33Z,GRU,BATADAL,,123,noisy,,,0.5,833,80,0,0.904,0.0,0.0,0.0,0,753,0,80,10.29713225364685,0.5008513927459717,
0ff8d332,2026-06-03T07:40:33Z,ProbabilisticAutomata,SKAB,SKAB_fold_1_noisy,123,noisy,,,0.05,4515,1546,1144,0.5756,0.3383,0.2503,0.2877,387,2212,757,1159,0.0741124153137207,0.027262210845947266,
8c98bea1,2026-06-03T07:40:33Z,ProbabilisticAutomata,SKAB,SKAB_fold_2_noisy,123,noisy,,,0.05,4427,1598,646,0.574,0.2771,0.112,0.1595,179,2362,467,1419,0.0741124153137207,0.02465987205505371,
2c853e2c,2026-06-03T07:40:33Z,ProbabilisticAutomata,SKAB,SKAB_fold_3_noisy,123,noisy,,,0.05,4506,1542,423,0.5972,0.1773,0.0486,0.0763,75,2616,348,1467,0.0741124153137207,0.024343490600585938,
286ef179,2026-06-03T07:40:33Z,ProbabilisticAutomata,SKAB,SKAB_fold_4_noisy,123,noisy,,,0.05,4515,1605,437,0.6186,0.3661,0.0997,0.1567,160,2633,277,1445,0.0741124153137207,0.02420520782470703,
fbd50301,2026-06-03T07:40:33Z,ProbabilisticAutomata,SKAB,SKAB_fold_5_noisy,123,noisy,,,0.05,4494,1535,622,0.5676,0.172,0.0697,0.0992,107,2444,515,1428,0.0741124153137207,0.023374319076538086,
fb5d39e0,2026-06-03T07:40:33Z,ProbabilisticAutomata,BATADAL,,123,noisy,,,0.05,833,80,115,0.7803,0.0522,0.075,0.0615,6,644,109,74,0.014501333236694336,0.008655786514282227,
ab3cd1b0,2026-06-03T07:40:45Z,LSTM,SKAB,SKAB_fold_1_unseen,123,unseen,,,0.5,4515,1546,0,0.6576,0.0,0.0,0.0,0,2969,0,1546,9.131176471710205,0.633397102355957,
6f5684af,2026-06-03T07:40:45Z,1D-CNN,SKAB,SKAB_fold_1_unseen,123,unseen,,,0.5,4515,1546,0,0.6576,0.0,0.0,0.0,0,2969,0,1546,5.475814342498779,0.483292818069458,
1854572c,2026-06-03T07:40:45Z,GRU,SKAB,SKAB_fold_1_unseen,123,unseen,,,0.5,4515,1546,0,0.6576,0.0,0.0,0.0,0,2969,0,1546,10.29713225364685,0.7071716785430908,
77283fb8,2026-06-03T07:40:45Z,LSTM,SKAB,SKAB_fold_2_unseen,123,unseen,,,0.5,4427,1598,0,0.639,0.0,0.0,0.0,0,2829,0,1598,9.131176471710205,0.5546844005584717,
da1c058a,2026-06-03T07:40:45Z,1D-CNN,SKAB,SKAB_fold_2_unseen,123,unseen,,,0.5,4427,1598,0,0.639,0.0,0.0,0.0,0,2829,0,1598,5.475814342498779,0.44410109519958496,
fe7cd5fb,2026-06-03T07:40:45Z,GRU,SKAB,SKAB_fold_2_unseen,123,unseen,,,0.5,4427,1598,0,0.639,0.0,0.0,0.0,0,2829,0,1598,10.29713225364685,0.6653053760528564,
b5ced83b,2026-06-03T07:40:45Z,LSTM,SKAB,SKAB_fold_3_unseen,123,unseen,,,0.5,4506,1542,0,0.6578,0.0,0.0,0.0,0,2964,0,1542,9.131176471710205,0.7242794036865234,
3f6528f7,2026-06-03T07:40:45Z,1D-CNN,SKAB,SKAB_fold_3_unseen,123,unseen,,,0.5,4506,1542,0,0.6578,0.0,0.0,0.0,0,2964,0,1542,5.475814342498779,0.45059776306152344,
134699dc,2026-06-03T07:40:45Z,GRU,SKAB,SKAB_fold_3_unseen,123,unseen,,,0.5,4506,1542,0,0.6578,0.0,0.0,0.0,0,2964,0,1542,10.29713225364685,0.7213101387023926,
8fa0441b,2026-06-03T07:40:45Z,LSTM,SKAB,SKAB_fold_4_unseen,123,unseen,,,0.5,4515,1605,0,0.6445,0.0,0.0,0.0,0,2910,0,1605,9.131176471710205,0.672307014465332,
7092f6a8,2026-06-03T07:40:45Z,1D-CNN,SKAB,SKAB_fold_4_unseen,123,unseen,,,0.5,4515,1605,0,0.6445,0.0,0.0,0.0,0,2910,0,1605,5.475814342498779,0.4885067939758301,
a41aae90,2026-06-03T07:40:45Z,GRU,SKAB,SKAB_fold_4_unseen,123,unseen,,,0.5,4515,1605,0,0.6445,0.0,0.0,0.0,0,2910,0,1605,10.29713225364685,0.6214640140533447,
53457b95,2026-06-03T07:40:45Z,LSTM,SKAB,SKAB_fold_5_unseen,123,unseen,,,0.5,4494,1535,0,0.6584,0.0,0.0,0.0,0,2959,0,1535,9.131176471710205,0.6208641529083252,
4974253e,2026-06-03T07:40:45Z,1D-CNN,SKAB,SKAB_fold_5_unseen,123,unseen,,,0.5,4494,1535,0,0.6584,0.0,0.0,0.0,0,2959,0,1535,5.475814342498779,0.4635634422302246,
b7900648,2026-06-03T07:40:45Z,GRU,SKAB,SKAB_fold_5_unseen,123,unseen,,,0.5,4494,1535,0,0.6584,0.0,0.0,0.0,0,2959,0,1535,10.29713225364685,0.611591100692749,
64e16e9a,2026-06-03T07:40:45Z,LSTM,BATADAL,,123,unseen,,,0.5,833,80,0,0.904,0.0,0.0,0.0,0,753,0,80,9.131176471710205,0.4706251621246338,
e3a8cb28,2026-06-03T07:40:45Z,1D-CNN,BATADAL,,123,unseen,,,0.5,833,80,0,0.904,0.0,0.0,0.0,0,753,0,80,5.475814342498779,0.24666810035705566,
1a6ad382,2026-06-03T07:40:45Z,GRU,BATADAL,,123,unseen,,,0.5,833,80,0,0.904,0.0,0.0,0.0,0,753,0,80,10.29713225364685,0.38346385955810547,
f1c8cfb7,2026-06-03T07:40:45Z,ProbabilisticAutomata,SKAB,SKAB_fold_1_unseen,123,unseen,,,0.05,4515,1546,438,0.6323,0.3699,0.1048,0.1633,162,2693,276,1384,0.0741124153137207,0.02629566192626953,
d882524c,2026-06-03T07:40:45Z,ProbabilisticAutomata,SKAB,SKAB_fold_2_unseen,123,unseen,,,0.05,4427,1598,440,0.6029,0.3182,0.0876,0.1374,140,2529,300,1458,0.0741124153137207,0.02217841148376465,
0514fd26,2026-06-03T07:40:45Z,ProbabilisticAutomata,SKAB,SKAB_fold_3_unseen,123,unseen,,,0.05,4506,1542,230,0.6431,0.3565,0.0532,0.0926,82,2816,148,1460,0.0741124153137207,0.021146535873413086,
3d1786d4,2026-06-03T07:40:45Z,ProbabilisticAutomata,SKAB,SKAB_fold_4_unseen,123,unseen,,,0.05,4515,1605,237,0.6332,0.3924,0.0579,0.101,93,2766,144,1512,0.0741124153137207,0.024982213973999023,
5d0095f0,2026-06-03T07:40:45Z,ProbabilisticAutomata,SKAB,SKAB_fold_5_unseen,123,unseen,,,0.05,4494,1535,446,0.6246,0.3296,0.0958,0.1484,147,2660,299,1388,0.0741124153137207,0.024930953979492188,
84e7d711,2026-06-03T07:40:45Z,ProbabilisticAutomata,BATADAL,,123,unseen,,,0.05,833,80,95,0.8163,0.1158,0.1375,0.1257,11,669,84,69,0.014501333236694336,0.008415937423706055,
dad8b393,2026-06-03T07:45:19Z,LSTM,SKAB,SKAB_fold_1,2026,original,,,0.5,4515,1546,0,0.6576,0.0,0.0,0.0,0,2969,0,1546,7.806378602981567,1.0822241306304932,
f467102f,2026-06-03T07:45:19Z,1D-CNN,SKAB,SKAB_fold_1,2026,original,,,0.5,4515,1546,0,0.6576,0.0,0.0,0.0,0,2969,0,1546,4.74645209312439,0.5203249454498291,
83c546e9,2026-06-03T07:45:19Z,GRU,SKAB,SKAB_fold_1,2026,original,,,0.5,4515,1546,0,0.6576,0.0,0.0,0.0,0,2969,0,1546,6.140692710876465,0.7784545421600342,
b6ca7b47,2026-06-03T07:45:19Z,LSTM,SKAB,SKAB_fold_2,2026,original,,,0.5,4427,1598,0,0.639,0.0,0.0,0.0,0,2829,0,1598,7.806378602981567,0.6891889572143555,
23136153,2026-06-03T07:45:19Z,1D-CNN,SKAB,SKAB_fold_2,2026,original,,,0.5,4427,1598,0,0.639,0.0,0.0,0.0,0,2829,0,1598,4.74645209312439,0.5136995315551758,
4a9d4917,2026-06-03T07:45:19Z,GRU,SKAB,SKAB_fold_2,2026,original,,,0.5,4427,1598,0,0.639,0.0,0.0,0.0,0,2829,0,1598,6.140692710876465,0.7676234245300293,
e668ca19,2026-06-03T07:45:19Z,LSTM,SKAB,SKAB_fold_3,2026,original,,,0.5,4506,1542,0,0.6578,0.0,0.0,0.0,0,2964,0,1542,7.806378602981567,0.7364907264709473,
20716d34,2026-06-03T07:45:19Z,1D-CNN,SKAB,SKAB_fold_3,2026,original,,,0.5,4506,1542,0,0.6578,0.0,0.0,0.0,0,2964,0,1542,4.74645209312439,0.5034422874450684,
eb4230cc,2026-06-03T07:45:19Z,GRU,SKAB,SKAB_fold_3,2026,original,,,0.5,4506,1542,0,0.6578,0.0,0.0,0.0,0,2964,0,1542,6.140692710876465,0.582207441329956,
bc78d360,2026-06-03T07:45:19Z,LSTM,SKAB,SKAB_fold_4,2026,original,,,0.5,4515,1605,0,0.6445,0.0,0.0,0.0,0,2910,0,1605,7.806378602981567,0.6263561248779297,
e4ebc95c,2026-06-03T07:45:19Z,1D-CNN,SKAB,SKAB_fold_4,2026,original,,,0.5,4515,1605,0,0.6445,0.0,0.0,0.0,0,2910,0,1605,4.74645209312439,0.48124170303344727,
89289739,2026-06-03T07:45:19Z,GRU,SKAB,SKAB_fold_4,2026,original,,,0.5,4515,1605,0,0.6445,0.0,0.0,0.0,0,2910,0,1605,6.140692710876465,0.7880089282989502,
2cf569d4,2026-06-03T07:45:19Z,LSTM,SKAB,SKAB_fold_5,2026,original,,,0.5,4494,1535,0,0.6584,0.0,0.0,0.0,0,2959,0,1535,7.806378602981567,0.6773135662078857,
35a2475b,2026-06-03T07:45:19Z,1D-CNN,SKAB,SKAB_fold_5,2026,original,,,0.5,4494,1535,0,0.6584,0.0,0.0,0.0,0,2959,0,1535,4.74645209312439,0.47466015815734863,
4a9adf22,2026-06-03T07:45:19Z,GRU,SKAB,SKAB_fold_5,2026,original,,,0.5,4494,1535,0,0.6584,0.0,0.0,0.0,0,2959,0,1535,6.140692710876465,0.7109091281890869,
87f83664,2026-06-03T07:45:19Z,LSTM,BATADAL,,2026,original,,,0.5,833,80,0,0.904,0.0,0.0,0.0,0,753,0,80,7.806378602981567,0.48337221145629883,
4e97294a,2026-06-03T07:45:19Z,1D-CNN,BATADAL,,2026,original,,,0.5,833,80,0,0.904,0.0,0.0,0.0,0,753,0,80,4.74645209312439,0.2763960361480713,
88ba72ae,2026-06-03T07:45:19Z,GRU,BATADAL,,2026,original,,,0.5,833,80,0,0.904,0.0,0.0,0.0,0,753,0,80,6.140692710876465,0.44266510009765625,
17773517,2026-06-03T07:45:19Z,ProbabilisticAutomata,SKAB,SKAB_fold_1,2026,original,,,0.05,4515,1546,138,0.6483,0.3478,0.031,0.057,48,2879,90,1498,0.08991885185241699,0.02144598960876465,
0e47b750,2026-06-03T07:45:19Z,ProbabilisticAutomata,SKAB,SKAB_fold_2,2026,original,,,0.05,4427,1598,36,0.6327,0.1111,0.0025,0.0049,4,2797,32,1594,0.08991885185241699,0.025197267532348633,
f50ca23d,2026-06-03T07:45:19Z,ProbabilisticAutomata,SKAB,SKAB_fold_3,2026,original,,,0.05,4506,1542,5,0.6567,0.0,0.0,0.0,0,2959,5,1542,0.08991885185241699,0.0232546329498291,
cc174f6d,2026-06-03T07:45:19Z,ProbabilisticAutomata,SKAB,SKAB_fold_4,2026,original,,,0.05,4515,1605,40,0.6432,0.425,0.0106,0.0207,17,2887,23,1588,0.08991885185241699,0.023740291595458984,
5dd49658,2026-06-03T07:45:19Z,ProbabilisticAutomata,SKAB,SKAB_fold_5,2026,original,,,0.05,4494,1535,24,0.6544,0.125,0.002,0.0038,3,2938,21,1532,0.08991885185241699,0.025987625122070312,
bbecc6a6,2026-06-03T07:45:19Z,ProbabilisticAutomata,BATADAL,,2026,original,,,0.05,833,80,31,0.8739,0.0968,0.0375,0.0541,3,725,28,77,0.015068531036376953,0.008280277252197266,
2e60d0cc,2026-06-03T07:45:30Z,LSTM,SKAB,SKAB_fold_1_noisy,2026,noisy,,,0.5,4515,1546,0,0.6576,0.0,0.0,0.0,0,2969,0,1546,7.806378602981567,0.607396125793457,
9a3cd8a9,2026-06-03T07:45:30Z,1D-CNN,SKAB,SKAB_fold_1_noisy,2026,noisy,,,0.5,4515,1546,0,0.6576,0.0,0.0,0.0,0,2969,0,1546,4.74645209312439,0.42124247550964355,
ac4fc588,2026-06-03T07:45:30Z,GRU,SKAB,SKAB_fold_1_noisy,2026,noisy,,,0.5,4515,1546,0,0.6576,0.0,0.0,0.0,0,2969,0,1546,6.140692710876465,0.6524055004119873,
dfdf9a1b,2026-06-03T07:45:30Z,LSTM,SKAB,SKAB_fold_2_noisy,2026,noisy,,,0.5,4427,1598,0,0.639,0.0,0.0,0.0,0,2829,0,1598,7.806378602981567,0.6442360877990723,
bbf6f911,2026-06-03T07:45:30Z,1D-CNN,SKAB,SKAB_fold_2_noisy,2026,noisy,,,0.5,4427,1598,0,0.639,0.0,0.0,0.0,0,2829,0,1598,4.74645209312439,0.4920790195465088,
8d133eb1,2026-06-03T07:45:30Z,GRU,SKAB,SKAB_fold_2_noisy,2026,noisy,,,0.5,4427,1598,0,0.639,0.0,0.0,0.0,0,2829,0,1598,6.140692710876465,0.6727733612060547,
54aad664,2026-06-03T07:45:30Z,LSTM,SKAB,SKAB_fold_3_noisy,2026,noisy,,,0.5,4506,1542,0,0.6578,0.0,0.0,0.0,0,2964,0,1542,7.806378602981567,0.6976745128631592,
ff3f810c,2026-06-03T07:45:30Z,1D-CNN,SKAB,SKAB_fold_3_noisy,2026,noisy,,,0.5,4506,1542,0,0.6578,0.0,0.0,0.0,0,2964,0,1542,4.74645209312439,0.41457104682922363,
5ef6bcf4,2026-06-03T07:45:30Z,GRU,SKAB,SKAB_fold_3_noisy,2026,noisy,,,0.5,4506,1542,0,0.6578,0.0,0.0,0.0,0,2964,0,1542,6.140692710876465,0.6498963832855225,
3c5e50f4,2026-06-03T07:45:30Z,LSTM,SKAB,SKAB_fold_4_noisy,2026,noisy,,,0.5,4515,1605,0,0.6445,0.0,0.0,0.0,0,2910,0,1605,7.806378602981567,0.6689119338989258,
00f49257,2026-06-03T07:45:30Z,1D-CNN,SKAB,SKAB_fold_4_noisy,2026,noisy,,,0.5,4515,1605,0,0.6445,0.0,0.0,0.0,0,2910,0,1605,4.74645209312439,0.456101655960083,
088fe1f5,2026-06-03T07:45:30Z,GRU,SKAB,SKAB_fold_4_noisy,2026,noisy,,,0.5,4515,1605,0,0.6445,0.0,0.0,0.0,0,2910,0,1605,6.140692710876465,0.5752213001251221,
07cec735,2026-06-03T07:45:30Z,LSTM,SKAB,SKAB_fold_5_noisy,2026,noisy,,,0.5,4494,1535,0,0.6584,0.0,0.0,0.0,0,2959,0,1535,7.806378602981567,0.6265115737915039,
00a68aa9,2026-06-03T07:45:30Z,1D-CNN,SKAB,SKAB_fold_5_noisy,2026,noisy,,,0.5,4494,1535,0,0.6584,0.0,0.0,0.0,0,2959,0,1535,4.74645209312439,0.46289539337158203,
be9f8e78,2026-06-03T07:45:30Z,GRU,SKAB,SKAB_fold_5_noisy,2026,noisy,,,0.5,4494,1535,0,0.6584,0.0,0.0,0.0,0,2959,0,1535,6.140692710876465,0.5676770210266113,
94f77518,2026-06-03T07:45:30Z,LSTM,BATADAL,,2026,noisy,,,0.5,833,80,0,0.904,0.0,0.0,0.0,0,753,0,80,7.806378602981567,0.3591623306274414,
ea51ced2,2026-06-03T07:45:30Z,1D-CNN,BATADAL,,2026,noisy,,,0.5,833,80,0,0.904,0.0,0.0,0.0,0,753,0,80,4.74645209312439,0.22853899002075195,
f798ade0,2026-06-03T07:45:30Z,GRU,BATADAL,,2026,noisy,,,0.5,833,80,0,0.904,0.0,0.0,0.0,0,753,0,80,6.140692710876465,0.3825960159301758,
e2af872f,2026-06-03T07:45:30Z,ProbabilisticAutomata,SKAB,SKAB_fold_1_noisy,2026,noisy,,,0.05,4515,1546,1119,0.5803,0.3441,0.249,0.2889,385,2235,734,1161,0.08991885185241699,0.02753758430480957,
215038fc,2026-06-03T07:45:30Z,ProbabilisticAutomata,SKAB,SKAB_fold_2_noisy,2026,noisy,,,0.05,4427,1598,680,0.5649,0.2588,0.1101,0.1545,176,2325,504,1422,0.08991885185241699,0.028571128845214844,
fb1de201,2026-06-03T07:45:30Z,ProbabilisticAutomata,SKAB,SKAB_fold_3_noisy,2026,noisy,,,0.05,4506,1542,465,0.5928,0.1849,0.0558,0.0857,86,2585,379,1456,0.08991885185241699,0.027863264083862305,
2846901e,2026-06-03T07:45:30Z,ProbabilisticAutomata,SKAB,SKAB_fold_4_noisy,2026,noisy,,,0.05,4515,1605,433,0.6128,0.3349,0.0903,0.1423,145,2622,288,1460,0.08991885185241699,0.026700496673583984,
9f06a39e,2026-06-03T07:45:30Z,ProbabilisticAutomata,SKAB,SKAB_fold_5_noisy,2026,noisy,,,0.05,4494,1535,605,0.5741,0.1868,0.0736,0.1056,113,2467,492,1422,0.08991885185241699,0.025548219680786133,
0d1dd0f7,2026-06-03T07:45:30Z,ProbabilisticAutomata,BATADAL,,2026,noisy,,,0.05,833,80,104,0.7911,0.0481,0.0625,0.0543,5,654,99,75,0.015068531036376953,0.008298158645629883,
99b08cbd,2026-06-03T07:45:44Z,LSTM,SKAB,SKAB_fold_1_unseen,2026,unseen,,,0.5,4515,1546,0,0.6576,0.0,0.0,0.0,0,2969,0,1546,7.806378602981567,0.5785861015319824,
2015fb4a,2026-06-03T07:45:44Z,1D-CNN,SKAB,SKAB_fold_1_unseen,2026,unseen,,,0.5,4515,1546,0,0.6576,0.0,0.0,0.0,0,2969,0,1546,4.74645209312439,0.4889557361602783,
aa9333e0,2026-06-03T07:45:44Z,GRU,SKAB,SKAB_fold_1_unseen,2026,unseen,,,0.5,4515,1546,0,0.6576,0.0,0.0,0.0,0,2969,0,1546,6.140692710876465,0.8014264106750488,
34196d02,2026-06-03T07:45:44Z,LSTM,SKAB,SKAB_fold_2_unseen,2026,unseen,,,0.5,4427,1598,0,0.639,0.0,0.0,0.0,0,2829,0,1598,7.806378602981567,0.7101590633392334,
395aa332,2026-06-03T07:45:44Z,1D-CNN,SKAB,SKAB_fold_2_unseen,2026,unseen,,,0.5,4427,1598,0,0.639,0.0,0.0,0.0,0,2829,0,1598,4.74645209312439,0.47130537033081055,
886fa8e2,2026-06-03T07:45:44Z,GRU,SKAB,SKAB_fold_2_unseen,2026,unseen,,,0.5,4427,1598,0,0.639,0.0,0.0,0.0,0,2829,0,1598,6.140692710876465,0.7382597923278809,
1b9cf905,2026-06-03T07:45:44Z,LSTM,SKAB,SKAB_fold_3_unseen,2026,unseen,,,0.5,4506,1542,0,0.6578,0.0,0.0,0.0,0,2964,0,1542,7.806378602981567,0.67681884765625,
4f6d558b,2026-06-03T07:45:44Z,1D-CNN,SKAB,SKAB_fold_3_unseen,2026,unseen,,,0.5,4506,1542,0,0.6578,0.0,0.0,0.0,0,2964,0,1542,4.74645209312439,0.5125119686126709,
ea8c24c1,2026-06-03T07:45:44Z,GRU,SKAB,SKAB_fold_3_unseen,2026,unseen,,,0.5,4506,1542,0,0.6578,0.0,0.0,0.0,0,2964,0,1542,6.140692710876465,0.7362871170043945,
8c64c8d1,2026-06-03T07:45:44Z,LSTM,SKAB,SKAB_fold_4_unseen,2026,unseen,,,0.5,4515,1605,0,0.6445,0.0,0.0,0.0,0,2910,0,1605,7.806378602981567,0.7374515533447266,
c7497d01,2026-06-03T07:45:44Z,1D-CNN,SKAB,SKAB_fold_4_unseen,2026,unseen,,,0.5,4515,1605,0,0.6445,0.0,0.0,0.0,0,2910,0,1605,4.74645209312439,0.5119466781616211,
ee5ee22f,2026-06-03T07:45:44Z,GRU,SKAB,SKAB_fold_4_unseen,2026,unseen,,,0.5,4515,1605,0,0.6445,0.0,0.0,0.0,0,2910,0,1605,6.140692710876465,1.4093682765960693,
627fe392,2026-06-03T07:45:44Z,LSTM,SKAB,SKAB_fold_5_unseen,2026,unseen,,,0.5,4494,1535,0,0.6584,0.0,0.0,0.0,0,2959,0,1535,7.806378602981567,0.7164645195007324,
defc4341,2026-06-03T07:45:44Z,1D-CNN,SKAB,SKAB_fold_5_unseen,2026,unseen,,,0.5,4494,1535,0,0.6584,0.0,0.0,0.0,0,2959,0,1535,4.74645209312439,0.5004189014434814,
2ca92a2a,2026-06-03T07:45:44Z,GRU,SKAB,SKAB_fold_5_unseen,2026,unseen,,,0.5,4494,1535,0,0.6584,0.0,0.0,0.0,0,2959,0,1535,6.140692710876465,0.6029369831085205,
cd9a8ddf,2026-06-03T07:45:44Z,LSTM,BATADAL,,2026,unseen,,,0.5,833,80,0,0.904,0.0,0.0,0.0,0,753,0,80,7.806378602981567,0.46047258377075195,
d38b33ba,2026-06-03T07:45:44Z,1D-CNN,BATADAL,,2026,unseen,,,0.5,833,80,0,0.904,0.0,0.0,0.0,0,753,0,80,4.74645209312439,0.2923905849456787,
72f56838,2026-06-03T07:45:44Z,GRU,BATADAL,,2026,unseen,,,0.5,833,80,0,0.904,0.0,0.0,0.0,0,753,0,80,6.140692710876465,0.4977083206176758,
99f3d7f4,2026-06-03T07:45:44Z,ProbabilisticAutomata,SKAB,SKAB_fold_1_unseen,2026,unseen,,,0.05,4515,1546,457,0.633,0.3786,0.1119,0.1727,173,2685,284,1373,0.08991885185241699,0.023592472076416016,
bfb67a78,2026-06-03T07:45:44Z,ProbabilisticAutomata,SKAB,SKAB_fold_2_unseen,2026,unseen,,,0.05,4427,1598,445,0.6076,0.3438,0.0957,0.1498,153,2537,292,1445,0.08991885185241699,0.024187088012695312,
0c959f36,2026-06-03T07:45:44Z,ProbabilisticAutomata,SKAB,SKAB_fold_3_unseen,2026,unseen,,,0.05,4506,1542,201,0.6372,0.2687,0.035,0.062,54,2817,147,1488,0.08991885185241699,0.026790857315063477,
264a1706,2026-06-03T07:45:44Z,ProbabilisticAutomata,SKAB,SKAB_fold_4_unseen,2026,unseen,,,0.05,4515,1605,236,0.6303,0.3644,0.0536,0.0934,86,2760,150,1519,0.08991885185241699,0.023667097091674805,
e7d8de87,2026-06-03T07:45:44Z,ProbabilisticAutomata,SKAB,SKAB_fold_5_unseen,2026,unseen,,,0.05,4494,1535,445,0.6302,0.3573,0.1036,0.1606,159,2673,286,1376,0.08991885185241699,0.02515721321105957,
bf5f1390,2026-06-03T07:45:44Z,ProbabilisticAutomata,BATADAL,,2026,unseen,,,0.05,833,80,90,0.8151,0.0889,0.1,0.0941,8,671,82,72,0.015068531036376953,0.008995771408081055,
f8661c7e,2026-06-03T07:49:40Z,LSTM,SKAB,SKAB_fold_1,7,original,,,0.5,4515,1546,0,0.6576,0.0,0.0,0.0,0,2969,0,1546,4.915051698684692,0.31186413764953613,
84d7d25b,2026-06-03T07:49:40Z,1D-CNN,SKAB,SKAB_fold_1,7,original,,,0.5,4515,1546,0,0.6576,0.0,0.0,0.0,0,2969,0,1546,3.523148536682129,0.22553396224975586,
7e61c11f,2026-06-03T07:49:40Z,GRU,SKAB,SKAB_fold_1,7,original,,,0.5,4515,1546,0,0.6576,0.0,0.0,0.0,0,2969,0,1546,2.4527382850646973,0.3234870433807373,
08ec3eb2,2026-06-03T07:49:40Z,LSTM,SKAB,SKAB_fold_2,7,original,,,0.5,4427,1598,0,0.639,0.0,0.0,0.0,0,2829,0,1598,4.915051698684692,0.2971928119659424,
d924e0a6,2026-06-03T07:49:40Z,1D-CNN,SKAB,SKAB_fold_2,7,original,,,0.5,4427,1598,0,0.639,0.0,0.0,0.0,0,2829,0,1598,3.523148536682129,0.22385692596435547,
065ec59f,2026-06-03T07:49:40Z,GRU,SKAB,SKAB_fold_2,7,original,,,0.5,4427,1598,0,0.639,0.0,0.0,0.0,0,2829,0,1598,2.4527382850646973,0.3196747303009033,
50ae0e0d,2026-06-03T07:49:40Z,LSTM,SKAB,SKAB_fold_3,7,original,,,0.5,4506,1542,0,0.6578,0.0,0.0,0.0,0,2964,0,1542,4.915051698684692,0.30580854415893555,
a3bb44c6,2026-06-03T07:49:40Z,1D-CNN,SKAB,SKAB_fold_3,7,original,,,0.5,4506,1542,0,0.6578,0.0,0.0,0.0,0,2964,0,1542,3.523148536682129,0.22493672370910645,
dc63529a,2026-06-03T07:49:40Z,GRU,SKAB,SKAB_fold_3,7,original,,,0.5,4506,1542,0,0.6578,0.0,0.0,0.0,0,2964,0,1542,2.4527382850646973,0.3140852451324463,
f12b17c3,2026-06-03T07:49:40Z,LSTM,SKAB,SKAB_fold_4,7,original,,,0.5,4515,1605,0,0.6445,0.0,0.0,0.0,0,2910,0,1605,4.915051698684692,0.29927659034729004,
8c13f29e,2026-06-03T07:49:40Z,1D-CNN,SKAB,SKAB_fold_4,7,original,,,0.5,4515,1605,0,0.6445,0.0,0.0,0.0,0,2910,0,1605,3.523148536682129,0.22718310356140137,
81b2c752,2026-06-03T07:49:40Z,GRU,SKAB,SKAB_fold_4,7,original,,,0.5,4515,1605,0,0.6445,0.0,0.0,0.0,0,2910,0,1605,2.4527382850646973,0.31339478492736816,
dcb628be,2026-06-03T07:49:40Z,LSTM,SKAB,SKAB_fold_5,7,original,,,0.5,4494,1535,0,0.6584,0.0,0.0,0.0,0,2959,0,1535,4.915051698684692,0.2991139888763428,
2f5cea49,2026-06-03T07:49:40Z,1D-CNN,SKAB,SKAB_fold_5,7,original,,,0.5,4494,1535,0,0.6584,0.0,0.0,0.0,0,2959,0,1535,3.523148536682129,0.22498583793640137,
063193dd,2026-06-03T07:49:40Z,GRU,SKAB,SKAB_fold_5,7,original,,,0.5,4494,1535,0,0.6584,0.0,0.0,0.0,0,2959,0,1535,2.4527382850646973,0.3176689147949219,
5f480989,2026-06-03T07:49:40Z,LSTM,BATADAL,,7,original,,,0.5,833,80,0,0.904,0.0,0.0,0.0,0,753,0,80,4.915051698684692,0.20787715911865234,
00b4e371,2026-06-03T07:49:40Z,1D-CNN,BATADAL,,7,original,,,0.5,833,80,0,0.904,0.0,0.0,0.0,0,753,0,80,3.523148536682129,0.13370990753173828,
fa939678,2026-06-03T07:49:40Z,GRU,BATADAL,,7,original,,,0.5,833,80,0,0.904,0.0,0.0,0.0,0,753,0,80,2.4527382850646973,0.2290668487548828,
0c5cd99c,2026-06-03T07:49:40Z,ProbabilisticAutomata,SKAB,SKAB_fold_1,7,original,,,0.05,4515,1546,138,0.6483,0.3478,0.031,0.057,48,2879,90,1498,0.03956747055053711,0.010873079299926758,
1bde4575,2026-06-03T07:49:40Z,ProbabilisticAutomata,SKAB,SKAB_fold_2,7,original,,,0.05,4427,1598,36,0.6327,0.1111,0.0025,0.0049,4,2797,32,1594,0.03956747055053711,0.00991058349609375,
f94ce450,2026-06-03T07:49:40Z,ProbabilisticAutomata,SKAB,SKAB_fold_3,7,original,,,0.05,4506,1542,5,0.6567,0.0,0.0,0.0,0,2959,5,1542,0.03956747055053711,0.011001348495483398,
e52a45dc,2026-06-03T07:49:40Z,ProbabilisticAutomata,SKAB,SKAB_fold_4,7,original,,,0.05,4515,1605,40,0.6432,0.425,0.0106,0.0207,17,2887,23,1588,0.03956747055053711,0.011188745498657227,
f93d61ee,2026-06-03T07:49:40Z,ProbabilisticAutomata,SKAB,SKAB_fold_5,7,original,,,0.05,4494,1535,24,0.6544,0.125,0.002,0.0038,3,2938,21,1532,0.03956747055053711,0.010387659072875977,
dbf33547,2026-06-03T07:49:40Z,ProbabilisticAutomata,BATADAL,,7,original,,,0.05,833,80,31,0.8739,0.0968,0.0375,0.0541,3,725,28,77,0.005637168884277344,0.0036072731018066406,
5b34d28f,2026-06-03T07:49:46Z,LSTM,SKAB,SKAB_fold_1_noisy,7,noisy,,,0.5,4515,1546,0,0.6576,0.0,0.0,0.0,0,2969,0,1546,4.915051698684692,0.31402587890625,
ba497b60,2026-06-03T07:49:46Z,1D-CNN,SKAB,SKAB_fold_1_noisy,7,noisy,,,0.5,4515,1546,0,0.6576,0.0,0.0,0.0,0,2969,0,1546,3.523148536682129,0.22691965103149414,
c12c9e0a,2026-06-03T07:49:46Z,GRU,SKAB,SKAB_fold_1_noisy,7,noisy,,,0.5,4515,1546,0,0.6576,0.0,0.0,0.0,0,2969,0,1546,2.4527382850646973,0.31619954109191895,
8271c9bd,2026-06-03T07:49:46Z,LSTM,SKAB,SKAB_fold_2_noisy,7,noisy,,,0.5,4427,1598,0,0.639,0.0,0.0,0.0,0,2829,0,1598,4.915051698684692,0.30141758918762207,
c41f7958,2026-06-03T07:49:46Z,1D-CNN,SKAB,SKAB_fold_2_noisy,7,noisy,,,0.5,4427,1598,0,0.639,0.0,0.0,0.0,0,2829,0,1598,3.523148536682129,0.22676348686218262,
431740aa,2026-06-03T07:49:46Z,GRU,SKAB,SKAB_fold_2_noisy,7,noisy,,,0.5,4427,1598,0,0.639,0.0,0.0,0.0,0,2829,0,1598,2.4527382850646973,0.31400179862976074,
bddf8afa,2026-06-03T07:49:46Z,LSTM,SKAB,SKAB_fold_3_noisy,7,noisy,,,0.5,4506,1542,0,0.6578,0.0,0.0,0.0,0,2964,0,1542,4.915051698684692,0.3088512420654297,
24a983c4,2026-06-03T07:49:46Z,1D-CNN,SKAB,SKAB_fold_3_noisy,7,noisy,,,0.5,4506,1542,0,0.6578,0.0,0.0,0.0,0,2964,0,1542,3.523148536682129,0.2297220230102539,
413f7508,2026-06-03T07:49:46Z,GRU,SKAB,SKAB_fold_3_noisy,7,noisy,,,0.5,4506,1542,0,0.6578,0.0,0.0,0.0,0,2964,0,1542,2.4527382850646973,0.32126665115356445,
56668f06,2026-06-03T07:49:46Z,LSTM,SKAB,SKAB_fold_4_noisy,7,noisy,,,0.5,4515,1605,0,0.6445,0.0,0.0,0.0,0,2910,0,1605,4.915051698684692,0.29852795600891113,
705dfd55,2026-06-03T07:49:46Z,1D-CNN,SKAB,SKAB_fold_4_noisy,7,noisy,,,0.5,4515,1605,0,0.6445,0.0,0.0,0.0,0,2910,0,1605,3.523148536682129,0.23144102096557617,
8ba771ba,2026-06-03T07:49:46Z,GRU,SKAB,SKAB_fold_4_noisy,7,noisy,,,0.5,4515,1605,0,0.6445,0.0,0.0,0.0,0,2910,0,1605,2.4527382850646973,0.317669153213501,
494190c2,2026-06-03T07:49:46Z,LSTM,SKAB,SKAB_fold_5_noisy,7,noisy,,,0.5,4494,1535,0,0.6584,0.0,0.0,0.0,0,2959,0,1535,4.915051698684692,0.2983276844024658,
647becd4,2026-06-03T07:49:46Z,1D-CNN,SKAB,SKAB_fold_5_noisy,7,noisy,,,0.5,4494,1535,0,0.6584,0.0,0.0,0.0,0,2959,0,1535,3.523148536682129,0.2312631607055664,
d83b72aa,2026-06-03T07:49:46Z,GRU,SKAB,SKAB_fold_5_noisy,7,noisy,,,0.5,4494,1535,0,0.6584,0.0,0.0,0.0,0,2959,0,1535,2.4527382850646973,0.3182556629180908,
7fd29c15,2026-06-03T07:49:46Z,LSTM,BATADAL,,7,noisy,,,0.5,833,80,0,0.904,0.0,0.0,0.0,0,753,0,80,4.915051698684692,0.20509886741638184,
de6a646a,2026-06-03T07:49:46Z,1D-CNN,BATADAL,,7,noisy,,,0.5,833,80,0,0.904,0.0,0.0,0.0,0,753,0,80,3.523148536682129,0.13293981552124023,
a74639ce,2026-06-03T07:49:46Z,GRU,BATADAL,,7,noisy,,,0.5,833,80,0,0.904,0.0,0.0,0.0,0,753,0,80,2.4527382850646973,0.22661185264587402,
6a967e07,2026-06-03T07:49:46Z,ProbabilisticAutomata,SKAB,SKAB_fold_1_noisy,7,noisy,,,0.05,4515,1546,1142,0.5748,0.3363,0.2484,0.2857,384,2211,758,1162,0.03956747055053711,0.01091766357421875,
414097e3,2026-06-03T07:49:46Z,ProbabilisticAutomata,SKAB,SKAB_fold_2_noisy,7,noisy,,,0.05,4427,1598,648,0.5735,0.2762,0.112,0.1594,179,2360,469,1419,0.03956747055053711,0.011359214782714844,
e3b77a2c,2026-06-03T07:49:46Z,ProbabilisticAutomata,SKAB,SKAB_fold_3_noisy,7,noisy,,,0.05,4506,1542,419,0.5985,0.1814,0.0493,0.0775,76,2621,343,1466,0.03956747055053711,0.012181520462036133,
57e5eb3d,2026-06-03T07:49:46Z,ProbabilisticAutomata,SKAB,SKAB_fold_4_noisy,7,noisy,,,0.05,4515,1605,458,0.6135,0.3472,0.0991,0.1541,159,2611,299,1446,0.03956747055053711,0.010496377944946289,
8f649843,2026-06-03T07:49:46Z,ProbabilisticAutomata,SKAB,SKAB_fold_5_noisy,7,noisy,,,0.05,4494,1535,594,0.5832,0.2155,0.0834,0.1202,128,2493,466,1407,0.03956747055053711,0.011240005493164062,
ad1abd92,2026-06-03T07:49:46Z,ProbabilisticAutomata,BATADAL,,7,noisy,,,0.05,833,80,112,0.7935,0.0893,0.125,0.1042,10,651,102,70,0.005637168884277344,0.004602670669555664,
8b4edf26,2026-06-03T07:49:51Z,LSTM,SKAB,SKAB_fold_1_unseen,7,unseen,,,0.5,4515,1546,0,0.6576,0.0,0.0,0.0,0,2969,0,1546,4.915051698684692,0.29906630516052246,
fbca8545,2026-06-03T07:49:51Z,1D-CNN,SKAB,SKAB_fold_1_unseen,7,unseen,,,0.5,4515,1546,0,0.6576,0.0,0.0,0.0,0,2969,0,1546,3.523148536682129,0.21892118453979492,
fdb19164,2026-06-03T07:49:51Z,GRU,SKAB,SKAB_fold_1_unseen,7,unseen,,,0.5,4515,1546,0,0.6576,0.0,0.0,0.0,0,2969,0,1546,2.4527382850646973,0.3118736743927002,
1df81f06,2026-06-03T07:49:51Z,LSTM,SKAB,SKAB_fold_2_unseen,7,unseen,,,0.5,4427,1598,0,0.639,0.0,0.0,0.0,0,2829,0,1598,4.915051698684692,0.3015570640563965,
fcd6130a,2026-06-03T07:49:51Z,1D-CNN,SKAB,SKAB_fold_2_unseen,7,unseen,,,0.5,4427,1598,0,0.639,0.0,0.0,0.0,0,2829,0,1598,3.523148536682129,0.2207777500152588,
6491c8f0,2026-06-03T07:49:51Z,GRU,SKAB,SKAB_fold_2_unseen,7,unseen,,,0.5,4427,1598,0,0.639,0.0,0.0,0.0,0,2829,0,1598,2.4527382850646973,0.31867194175720215,
a0c68742,2026-06-03T07:49:51Z,LSTM,SKAB,SKAB_fold_3_unseen,7,unseen,,,0.5,4506,1542,0,0.6578,0.0,0.0,0.0,0,2964,0,1542,4.915051698684692,0.3014504909515381,
ac0288e6,2026-06-03T07:49:51Z,1D-CNN,SKAB,SKAB_fold_3_unseen,7,unseen,,,0.5,4506,1542,0,0.6578,0.0,0.0,0.0,0,2964,0,1542,3.523148536682129,0.23235225677490234,
5f044a4c,2026-06-03T07:49:51Z,GRU,SKAB,SKAB_fold_3_unseen,7,unseen,,,0.5,4506,1542,0,0.6578,0.0,0.0,0.0,0,2964,0,1542,2.4527382850646973,0.31597471237182617,
75e5b54e,2026-06-03T07:49:51Z,LSTM,SKAB,SKAB_fold_4_unseen,7,unseen,,,0.5,4515,1605,0,0.6445,0.0,0.0,0.0,0,2910,0,1605,4.915051698684692,0.31647753715515137,
c12c0838,2026-06-03T07:49:51Z,1D-CNN,SKAB,SKAB_fold_4_unseen,7,unseen,,,0.5,4515,1605,0,0.6445,0.0,0.0,0.0,0,2910,0,1605,3.523148536682129,0.22341632843017578,
6929b87e,2026-06-03T07:49:51Z,GRU,SKAB,SKAB_fold_4_unseen,7,unseen,,,0.5,4515,1605,0,0.6445,0.0,0.0,0.0,0,2910,0,1605,2.4527382850646973,0.31699061393737793,
dfee762e,2026-06-03T07:49:51Z,LSTM,SKAB,SKAB_fold_5_unseen,7,unseen,,,0.5,4494,1535,0,0.6584,0.0,0.0,0.0,0,2959,0,1535,4.915051698684692,0.30190420150756836,
60ebdcf3,2026-06-03T07:49:51Z,1D-CNN,SKAB,SKAB_fold_5_unseen,7,unseen,,,0.5,4494,1535,0,0.6584,0.0,0.0,0.0,0,2959,0,1535,3.523148536682129,0.2281179428100586,
c5d25e23,2026-06-03T07:49:51Z,GRU,SKAB,SKAB_fold_5_unseen,7,unseen,,,0.5,4494,1535,0,0.6584,0.0,0.0,0.0,0,2959,0,1535,2.4527382850646973,0.31464576721191406,
53f822f3,2026-06-03T07:49:51Z,LSTM,BATADAL,,7,unseen,,,0.5,833,80,0,0.904,0.0,0.0,0.0,0,753,0,80,4.915051698684692,0.2019662857055664,
7de90027,2026-06-03T07:49:51Z,1D-CNN,BATADAL,,7,unseen,,,0.5,833,80,0,0.904,0.0,0.0,0.0,0,753,0,80,3.523148536682129,0.13497185707092285,
bffe9f71,2026-06-03T07:49:51Z,GRU,BATADAL,,7,unseen,,,0.5,833,80,0,0.904,0.0,0.0,0.0,0,753,0,80,2.4527382850646973,0.2273266315460205,
7506a33b,2026-06-03T07:49:51Z,ProbabilisticAutomata,SKAB,SKAB_fold_1_unseen,7,unseen,,,0.05,4515,1546,451,0.6219,0.3215,0.0938,0.1452,145,2663,306,1401,0.03956747055053711,0.010305404663085938,
0ccbe386,2026-06-03T07:49:51Z,ProbabilisticAutomata,SKAB,SKAB_fold_2_unseen,7,unseen,,,0.05,4427,1598,454,0.6042,0.3304,0.0939,0.1462,150,2525,304,1448,0.03956747055053711,0.010902643203735352,
d2a9be44,2026-06-03T07:49:51Z,ProbabilisticAutomata,SKAB,SKAB_fold_3_unseen,7,unseen,,,0.05,4506,1542,235,0.638,0.3106,0.0473,0.0822,73,2802,162,1469,0.03956747055053711,0.010222434997558594,
e8e311a6,2026-06-03T07:49:51Z,ProbabilisticAutomata,SKAB,SKAB_fold_4_unseen,7,unseen,,,0.05,4515,1605,252,0.6259,0.3333,0.0523,0.0905,84,2742,168,1521,0.03956747055053711,0.010697603225708008,
a7f28b95,2026-06-03T07:49:51Z,ProbabilisticAutomata,SKAB,SKAB_fold_5_unseen,7,unseen,,,0.05,4494,1535,449,0.6231,0.3229,0.0945,0.1462,145,2655,304,1390,0.03956747055053711,0.01104283332824707,
7617c14e,2026-06-03T07:49:51Z,ProbabilisticAutomata,BATADAL,,7,unseen,,,0.05,833,80,87,0.8139,0.069,0.075,0.0719,6,672,81,74,0.005637168884277344,0.004015207290649414,
a8f792c1,2026-06-03T07:52:28Z,LSTM,SKAB,SKAB_fold_1,999,original,,,0.5,4515,1546,0,0.6576,0.0,0.0,0.0,0,2969,0,1546,3.1558542251586914,0.30762743949890137,
667df4c7,2026-06-03T07:52:28Z,1D-CNN,SKAB,SKAB_fold_1,999,original,,,0.5,4515,1546,0,0.6576,0.0,0.0,0.0,0,2969,0,1546,3.1139168739318848,0.23218631744384766,
77fb2755,2026-06-03T07:52:28Z,GRU,SKAB,SKAB_fold_1,999,original,,,0.5,4515,1546,0,0.6576,0.0,0.0,0.0,0,2969,0,1546,3.4290473461151123,0.31937456130981445,
0f6275e7,2026-06-03T07:52:28Z,LSTM,SKAB,SKAB_fold_2,999,original,,,0.5,4427,1598,0,0.639,0.0,0.0,0.0,0,2829,0,1598,3.1558542251586914,0.30457091331481934,
a4d38821,2026-06-03T07:52:28Z,1D-CNN,SKAB,SKAB_fold_2,999,original,,,0.5,4427,1598,0,0.639,0.0,0.0,0.0,0,2829,0,1598,3.1139168739318848,0.24421954154968262,
7286bc8d,2026-06-03T07:52:28Z,GRU,SKAB,SKAB_fold_2,999,original,,,0.5,4427,1598,0,0.639,0.0,0.0,0.0,0,2829,0,1598,3.4290473461151123,0.30858850479125977,
d3cff274,2026-06-03T07:52:28Z,LSTM,SKAB,SKAB_fold_3,999,original,,,0.5,4506,1542,0,0.6578,0.0,0.0,0.0,0,2964,0,1542,3.1558542251586914,0.3076622486114502,
e5f795b4,2026-06-03T07:52:28Z,1D-CNN,SKAB,SKAB_fold_3,999,original,,,0.5,4506,1542,0,0.6578,0.0,0.0,0.0,0,2964,0,1542,3.1139168739318848,0.230332612991333,
3ce2fcfe,2026-06-03T07:52:28Z,GRU,SKAB,SKAB_fold_3,999,original,,,0.5,4506,1542,0,0.6578,0.0,0.0,0.0,0,2964,0,1542,3.4290473461151123,0.31823134422302246,
0f51dbe5,2026-06-03T07:52:28Z,LSTM,SKAB,SKAB_fold_4,999,original,,,0.5,4515,1605,0,0.6445,0.0,0.0,0.0,0,2910,0,1605,3.1558542251586914,0.29445624351501465,
9149de24,2026-06-03T07:52:28Z,1D-CNN,SKAB,SKAB_fold_4,999,original,,,0.5,4515,1605,0,0.6445,0.0,0.0,0.0,0,2910,0,1605,3.1139168739318848,0.22799134254455566,
ec6d0278,2026-06-03T07:52:28Z,GRU,SKAB,SKAB_fold_4,999,original,,,0.5,4515,1605,0,0.6445,0.0,0.0,0.0,0,2910,0,1605,3.4290473461151123,0.3115501403808594,
d08de6a1,2026-06-03T07:52:28Z,LSTM,SKAB,SKAB_fold_5,999,original,,,0.5,4494,1535,0,0.6584,0.0,0.0,0.0,0,2959,0,1535,3.1558542251586914,0.3029062747955322,
af5d8246,2026-06-03T07:52:28Z,1D-CNN,SKAB,SKAB_fold_5,999,original,,,0.5,4494,1535,0,0.6584,0.0,0.0,0.0,0,2959,0,1535,3.1139168739318848,0.22402620315551758,
a96204ee,2026-06-03T07:52:28Z,GRU,SKAB,SKAB_fold_5,999,original,,,0.5,4494,1535,0,0.6584,0.0,0.0,0.0,0,2959,0,1535,3.4290473461151123,0.3161349296569824,
a599b908,2026-06-03T07:52:28Z,LSTM,BATADAL,,999,original,,,0.5,833,80,0,0.904,0.0,0.0,0.0,0,753,0,80,3.1558542251586914,0.2084362506866455,
f899436f,2026-06-03T07:52:28Z,1D-CNN,BATADAL,,999,original,,,0.5,833,80,0,0.904,0.0,0.0,0.0,0,753,0,80,3.1139168739318848,0.13140296936035156,
40e3a686,2026-06-03T07:52:28Z,GRU,BATADAL,,999,original,,,0.5,833,80,0,0.904,0.0,0.0,0.0,0,753,0,80,3.4290473461151123,0.22189784049987793,
f57aa850,2026-06-03T07:52:28Z,ProbabilisticAutomata,SKAB,SKAB_fold_1,999,original,,,0.05,4515,1546,138,0.6483,0.3478,0.031,0.057,48,2879,90,1498,0.037955284118652344,0.011138200759887695,
67ac2258,2026-06-03T07:52:28Z,ProbabilisticAutomata,SKAB,SKAB_fold_2,999,original,,,0.05,4427,1598,36,0.6327,0.1111,0.0025,0.0049,4,2797,32,1594,0.037955284118652344,0.009966135025024414,
252eb148,2026-06-03T07:52:28Z,ProbabilisticAutomata,SKAB,SKAB_fold_3,999,original,,,0.05,4506,1542,5,0.6567,0.0,0.0,0.0,0,2959,5,1542,0.037955284118652344,0.010475873947143555,
f5d4fa4c,2026-06-03T07:52:28Z,ProbabilisticAutomata,SKAB,SKAB_fold_4,999,original,,,0.05,4515,1605,40,0.6432,0.425,0.0106,0.0207,17,2887,23,1588,0.037955284118652344,0.01260685920715332,
ff058d37,2026-06-03T07:52:28Z,ProbabilisticAutomata,SKAB,SKAB_fold_5,999,original,,,0.05,4494,1535,24,0.6544,0.125,0.002,0.0038,3,2938,21,1532,0.037955284118652344,0.011488676071166992,
0b5c65d4,2026-06-03T07:52:28Z,ProbabilisticAutomata,BATADAL,,999,original,,,0.05,833,80,31,0.8739,0.0968,0.0375,0.0541,3,725,28,77,0.00583195686340332,0.0051004886627197266,
3850ff5d,2026-06-03T07:52:34Z,LSTM,SKAB,SKAB_fold_1_noisy,999,noisy,,,0.5,4515,1546,0,0.6576,0.0,0.0,0.0,0,2969,0,1546,3.1558542251586914,0.30605268478393555,
836f2e76,2026-06-03T07:52:34Z,1D-CNN,SKAB,SKAB_fold_1_noisy,999,noisy,,,0.5,4515,1546,0,0.6576,0.0,0.0,0.0,0,2969,0,1546,3.1139168739318848,0.2324504852294922,
44f1f55f,2026-06-03T07:52:34Z,GRU,SKAB,SKAB_fold_1_noisy,999,noisy,,,0.5,4515,1546,0,0.6576,0.0,0.0,0.0,0,2969,0,1546,3.4290473461151123,0.3169581890106201,
fd8679a7,2026-06-03T07:52:34Z,LSTM,SKAB,SKAB_fold_2_noisy,999,noisy,,,0.5,4427,1598,0,0.639,0.0,0.0,0.0,0,2829,0,1598,3.1558542251586914,0.29774975776672363,
499ebc37,2026-06-03T07:52:34Z,1D-CNN,SKAB,SKAB_fold_2_noisy,999,noisy,,,0.5,4427,1598,0,0.639,0.0,0.0,0.0,0,2829,0,1598,3.1139168739318848,0.22333192825317383,
e2acdf45,2026-06-03T07:52:34Z,GRU,SKAB,SKAB_fold_2_noisy,999,noisy,,,0.5,4427,1598,0,0.639,0.0,0.0,0.0,0,2829,0,1598,3.4290473461151123,0.9539177417755127,
33b841ce,2026-06-03T07:52:34Z,LSTM,SKAB,SKAB_fold_3_noisy,999,noisy,,,0.5,4506,1542,0,0.6578,0.0,0.0,0.0,0,2964,0,1542,3.1558542251586914,0.3025979995727539,
eae8df2e,2026-06-03T07:52:34Z,1D-CNN,SKAB,SKAB_fold_3_noisy,999,noisy,,,0.5,4506,1542,0,0.6578,0.0,0.0,0.0,0,2964,0,1542,3.1139168739318848,0.2293393611907959,
ab717896,2026-06-03T07:52:34Z,GRU,SKAB,SKAB_fold_3_noisy,999,noisy,,,0.5,4506,1542,0,0.6578,0.0,0.0,0.0,0,2964,0,1542,3.4290473461151123,0.3127472400665283,
f3b727f7,2026-06-03T07:52:34Z,LSTM,SKAB,SKAB_fold_4_noisy,999,noisy,,,0.5,4515,1605,0,0.6445,0.0,0.0,0.0,0,2910,0,1605,3.1558542251586914,0.3012869358062744,
832d9db7,2026-06-03T07:52:34Z,1D-CNN,SKAB,SKAB_fold_4_noisy,999,noisy,,,0.5,4515,1605,0,0.6445,0.0,0.0,0.0,0,2910,0,1605,3.1139168739318848,0.22983956336975098,
f14b0c1a,2026-06-03T07:52:34Z,GRU,SKAB,SKAB_fold_4_noisy,999,noisy,,,0.5,4515,1605,0,0.6445,0.0,0.0,0.0,0,2910,0,1605,3.4290473461151123,0.31449317932128906,
c4ef5f9e,2026-06-03T07:52:34Z,LSTM,SKAB,SKAB_fold_5_noisy,999,noisy,,,0.5,4494,1535,0,0.6584,0.0,0.0,0.0,0,2959,0,1535,3.1558542251586914,0.30248045921325684,
1d108350,2026-06-03T07:52:34Z,1D-CNN,SKAB,SKAB_fold_5_noisy,999,noisy,,,0.5,4494,1535,0,0.6584,0.0,0.0,0.0,0,2959,0,1535,3.1139168739318848,0.2541019916534424,
1fa718cb,2026-06-03T07:52:34Z,GRU,SKAB,SKAB_fold_5_noisy,999,noisy,,,0.5,4494,1535,0,0.6584,0.0,0.0,0.0,0,2959,0,1535,3.4290473461151123,0.31615233421325684,
9ce2da90,2026-06-03T07:52:34Z,LSTM,BATADAL,,999,noisy,,,0.5,833,80,0,0.904,0.0,0.0,0.0,0,753,0,80,3.1558542251586914,0.20689010620117188,
551321ca,2026-06-03T07:52:34Z,1D-CNN,BATADAL,,999,noisy,,,0.5,833,80,0,0.904,0.0,0.0,0.0,0,753,0,80,3.1139168739318848,0.1333014965057373,
3ce0fdea,2026-06-03T07:52:34Z,GRU,BATADAL,,999,noisy,,,0.5,833,80,0,0.904,0.0,0.0,0.0,0,753,0,80,3.4290473461151123,0.22261524200439453,
8b45bc48,2026-06-03T07:52:34Z,ProbabilisticAutomata,SKAB,SKAB_fold_1_noisy,999,noisy,,,0.05,4515,1546,1094,0.5823,0.3446,0.2439,0.2856,377,2252,717,1169,0.037955284118652344,0.010370492935180664,
4d6f7dcf,2026-06-03T07:52:34Z,ProbabilisticAutomata,SKAB,SKAB_fold_2_noisy,999,noisy,,,0.05,4427,1598,673,0.5647,0.2556,0.1076,0.1515,172,2328,501,1426,0.037955284118652344,0.01032114028930664,
f1f342dd,2026-06-03T07:52:34Z,ProbabilisticAutomata,SKAB,SKAB_fold_3_noisy,999,noisy,,,0.05,4506,1542,442,0.5957,0.1833,0.0525,0.0817,81,2603,361,1461,0.037955284118652344,0.010492324829101562,
41bcfc98,2026-06-03T07:52:34Z,ProbabilisticAutomata,SKAB,SKAB_fold_4_noisy,999,noisy,,,0.05,4515,1605,430,0.6202,0.3721,0.0997,0.1572,160,2640,270,1445,0.037955284118652344,0.01140904426574707,
6593e79c,2026-06-03T07:52:34Z,ProbabilisticAutomata,SKAB,SKAB_fold_5_noisy,999,noisy,,,0.05,4494,1535,611,0.5696,0.1735,0.0691,0.0988,106,2454,505,1429,0.037955284118652344,0.009964942932128906,
d71db77f,2026-06-03T07:52:34Z,ProbabilisticAutomata,BATADAL,,999,noisy,,,0.05,833,80,108,0.7887,0.0556,0.075,0.0638,6,651,102,74,0.00583195686340332,0.0026030540466308594,
33ea916b,2026-06-03T07:52:40Z,LSTM,SKAB,SKAB_fold_1_unseen,999,unseen,,,0.5,4515,1546,0,0.6576,0.0,0.0,0.0,0,2969,0,1546,3.1558542251586914,0.29881858825683594,
772231d0,2026-06-03T07:52:40Z,1D-CNN,SKAB,SKAB_fold_1_unseen,999,unseen,,,0.5,4515,1546,0,0.6576,0.0,0.0,0.0,0,2969,0,1546,3.1139168739318848,0.23213553428649902,
3f671ee0,2026-06-03T07:52:40Z,GRU,SKAB,SKAB_fold_1_unseen,999,unseen,,,0.5,4515,1546,0,0.6576,0.0,0.0,0.0,0,2969,0,1546,3.4290473461151123,0.3155965805053711,
8932bf95,2026-06-03T07:52:40Z,LSTM,SKAB,SKAB_fold_2_unseen,999,unseen,,,0.5,4427,1598,0,0.639,0.0,0.0,0.0,0,2829,0,1598,3.1558542251586914,0.2967216968536377,
e1d15dd1,2026-06-03T07:52:40Z,1D-CNN,SKAB,SKAB_fold_2_unseen,999,unseen,,,0.5,4427,1598,0,0.639,0.0,0.0,0.0,0,2829,0,1598,3.1139168739318848,0.22345972061157227,
e1336829,2026-06-03T07:52:40Z,GRU,SKAB,SKAB_fold_2_unseen,999,unseen,,,0.5,4427,1598,0,0.639,0.0,0.0,0.0,0,2829,0,1598,3.4290473461151123,0.3158450126647949,
b25485e1,2026-06-03T07:52:40Z,LSTM,SKAB,SKAB_fold_3_unseen,999,unseen,,,0.5,4506,1542,0,0.6578,0.0,0.0,0.0,0,2964,0,1542,3.1558542251586914,0.3054354190826416,
b30b20bd,2026-06-03T07:52:40Z,1D-CNN,SKAB,SKAB_fold_3_unseen,999,unseen,,,0.5,4506,1542,0,0.6578,0.0,0.0,0.0,0,2964,0,1542,3.1139168739318848,0.22566962242126465,
5e2ba171,2026-06-03T07:52:40Z,GRU,SKAB,SKAB_fold_3_unseen,999,unseen,,,0.5,4506,1542,0,0.6578,0.0,0.0,0.0,0,2964,0,1542,3.4290473461151123,0.31203126907348633,
cf7ed866,2026-06-03T07:52:40Z,LSTM,SKAB,SKAB_fold_4_unseen,999,unseen,,,0.5,4515,1605,0,0.6445,0.0,0.0,0.0,0,2910,0,1605,3.1558542251586914,0.2950890064239502,
f3a51ec9,2026-06-03T07:52:40Z,1D-CNN,SKAB,SKAB_fold_4_unseen,999,unseen,,,0.5,4515,1605,0,0.6445,0.0,0.0,0.0,0,2910,0,1605,3.1139168739318848,0.22958636283874512,
3946fdc9,2026-06-03T07:52:40Z,GRU,SKAB,SKAB_fold_4_unseen,999,unseen,,,0.5,4515,1605,0,0.6445,0.0,0.0,0.0,0,2910,0,1605,3.4290473461151123,0.313922643661499,
02b057bc,2026-06-03T07:52:40Z,LSTM,SKAB,SKAB_fold_5_unseen,999,unseen,,,0.5,4494,1535,0,0.6584,0.0,0.0,0.0,0,2959,0,1535,3.1558542251586914,0.2996797561645508,
d4b393fa,2026-06-03T07:52:40Z,1D-CNN,SKAB,SKAB_fold_5_unseen,999,unseen,,,0.5,4494,1535,0,0.6584,0.0,0.0,0.0,0,2959,0,1535,3.1139168739318848,0.22536396980285645,
b133c3c3,2026-06-03T07:52:40Z,GRU,SKAB,SKAB_fold_5_unseen,999,unseen,,,0.5,4494,1535,0,0.6584,0.0,0.0,0.0,0,2959,0,1535,3.4290473461151123,0.3135538101196289,
452033fc,2026-06-03T07:52:40Z,LSTM,BATADAL,,999,unseen,,,0.5,833,80,0,0.904,0.0,0.0,0.0,0,753,0,80,3.1558542251586914,0.21348333358764648,
1cf0aacd,2026-06-03T07:52:40Z,1D-CNN,BATADAL,,999,unseen,,,0.5,833,80,0,0.904,0.0,0.0,0.0,0,753,0,80,3.1139168739318848,0.13440346717834473,
37e35a2d,2026-06-03T07:52:40Z,GRU,BATADAL,,999,unseen,,,0.5,833,80,0,0.904,0.0,0.0,0.0,0,753,0,80,3.4290473461151123,0.2219552993774414,
3f6d95b4,2026-06-03T07:52:40Z,ProbabilisticAutomata,SKAB,SKAB_fold_1_unseen,999,unseen,,,0.05,4515,1546,446,0.6252,0.3363,0.097,0.1506,150,2673,296,1396,0.037955284118652344,0.010608434677124023,
63dbe05c,2026-06-03T07:52:40Z,ProbabilisticAutomata,SKAB,SKAB_fold_2_unseen,999,unseen,,,0.05,4427,1598,454,0.6115,0.3656,0.1039,0.1618,166,2541,288,1432,0.037955284118652344,0.010491609573364258,
9f199547,2026-06-03T07:52:40Z,ProbabilisticAutomata,SKAB,SKAB_fold_3_unseen,999,unseen,,,0.05,4506,1542,225,0.6403,0.3244,0.0473,0.0826,73,2812,152,1469,0.037955284118652344,0.011466264724731445,
6532df75,2026-06-03T07:52:40Z,ProbabilisticAutomata,SKAB,SKAB_fold_4_unseen,999,unseen,,,0.05,4515,1605,238,0.6326,0.3866,0.0573,0.0998,92,2764,146,1513,0.037955284118652344,0.01001429557800293,
3c94cde5,2026-06-03T07:52:40Z,ProbabilisticAutomata,SKAB,SKAB_fold_5_unseen,999,unseen,,,0.05,4494,1535,438,0.6246,0.3265,0.0932,0.145,143,2664,295,1392,0.037955284118652344,0.01048898696899414,
132acf78,2026-06-03T07:52:40Z,ProbabilisticAutomata,BATADAL,,999,unseen,,,0.05,833,80,91,0.8283,0.1538,0.175,0.1637,14,676,77,66,0.00583195686340332,0.004172801971435547,
5e28a560,2026-06-03T07:53:50Z,ProbabilisticAutomata,SKAB_fold_1,,,original,3,3,0.05,4516,1546,163,0.6464,0.3436,0.0362,0.0655,56,2863,107,1490,,,Grid search for Automata parameters
91f65977,2026-06-03T07:53:50Z,ProbabilisticAutomata,SKAB_fold_1,,,original,3,4,0.05,4516,1546,167,0.6446,0.3234,0.0349,0.063,54,2857,113,1492,,,Grid search for Automata parameters
12987331,2026-06-03T07:53:50Z,ProbabilisticAutomata,SKAB_fold_1,,,original,3,5,0.05,4516,1546,198,0.6475,0.3838,0.0492,0.0872,76,2848,122,1470,,,Grid search for Automata parameters
2683a099,2026-06-03T07:53:50Z,ProbabilisticAutomata,SKAB_fold_1,,,original,3,6,0.05,4516,1546,293,0.634,0.3174,0.0602,0.1011,93,2770,200,1453,,,Grid search for Automata parameters
20de6afb,2026-06-03T07:53:50Z,ProbabilisticAutomata,SKAB_fold_1,,,original,4,3,0.05,4515,1546,138,0.6483,0.3478,0.031,0.057,48,2879,90,1498,,,Grid search for Automata parameters
71701889,2026-06-03T07:53:50Z,ProbabilisticAutomata,SKAB_fold_1,,,original,4,4,0.05,4515,1546,218,0.6487,0.4083,0.0576,0.1009,89,2840,129,1457,,,Grid search for Automata parameters
50b32101,2026-06-03T07:53:50Z,ProbabilisticAutomata,SKAB_fold_1,,,original,4,5,0.05,4515,1546,350,0.647,0.4314,0.0977,0.1593,151,2770,199,1395,,,Grid search for Automata parameters
38155ec5,2026-06-03T07:53:51Z,ProbabilisticAutomata,SKAB_fold_1,,,original,4,6,0.05,4515,1546,672,0.6173,0.3646,0.1585,0.2209,245,2542,427,1301,,,Grid search for Automata parameters
c8bc24e2,2026-06-03T07:53:51Z,ProbabilisticAutomata,SKAB_fold_1,,,original,5,3,0.05,4514,1546,172,0.6482,0.3779,0.042,0.0757,65,2861,107,1481,,,Grid search for Automata parameters
07423a3d,2026-06-03T07:53:51Z,ProbabilisticAutomata,SKAB_fold_1,,,original,5,4,0.05,4514,1546,355,0.6427,0.4056,0.0931,0.1515,144,2757,211,1402,,,Grid search for Automata parameters
ac2edbec,2026-06-03T07:53:53Z,ProbabilisticAutomata,SKAB_fold_1,,,original,5,5,0.05,4514,1546,822,0.6172,0.3893,0.207,0.2703,320,2466,502,1226,,,Grid search for Automata parameters
8834c0b0,2026-06-03T07:53:59Z,ProbabilisticAutomata,SKAB_fold_1,,,original,5,6,0.05,4514,1546,1369,0.5665,0.3499,0.3098,0.3286,479,2078,890,1067,,,Grid search for Automata parameters
64484875,2026-06-03T07:53:59Z,ProbabilisticAutomata,SKAB_fold_1,,,original,6,3,0.05,4513,1546,229,0.6475,0.4017,0.0595,0.1037,92,2830,137,1454,,,Grid search for Automata parameters
09be3597,2026-06-03T07:54:02Z,ProbabilisticAutomata,SKAB_fold_1,,,original,6,4,0.05,4513,1546,713,0.6271,0.4039,0.1863,0.255,288,2542,425,1258,,,Grid search for Automata parameters
0e7038b9,2026-06-03T07:54:16Z,ProbabilisticAutomata,SKAB_fold_1,,,original,6,5,0.05,4513,1546,1475,0.5721,0.3695,0.3525,0.3608,545,2037,930,1001,,,Grid search for Automata parameters
120a5d64,2026-06-03T07:54:56Z,ProbabilisticAutomata,SKAB_fold_1,,,original,6,6,0.05,4513,1546,2106,0.5183,0.3509,0.478,0.4047,739,1600,1367,807,,,Grid search for Automata parameters
e0355ead,2026-06-03T07:54:56Z,ProbabilisticAutomata,BATADAL_test,,,original,3,3,0.05,834,80,11,0.8933,0.0909,0.0125,0.022,1,744,10,79,,,Grid search for Automata parameters
9e4382dc,2026-06-03T07:54:56Z,ProbabilisticAutomata,BATADAL_test,,,original,3,4,0.05,834,80,23,0.8837,0.1304,0.0375,0.0583,3,734,20,77,,,Grid search for Automata parameters
a4fa31f0,2026-06-03T07:54:56Z,ProbabilisticAutomata,BATADAL_test,,,original,3,5,0.05,834,80,73,0.8405,0.137,0.125,0.1307,10,691,63,70,,,Grid search for Automata parameters
1a10704d,2026-06-03T07:54:56Z,ProbabilisticAutomata,BATADAL_test,,,original,3,6,0.05,834,80,89,0.8141,0.0787,0.0875,0.0828,7,672,82,73,,,Grid search for Automata parameters
45798fc2,2026-06-03T07:54:56Z,ProbabilisticAutomata,BATADAL_test,,,original,4,3,0.05,833,80,31,0.8739,0.0968,0.0375,0.0541,3,725,28,77,,,Grid search for Automata parameters
f3cd60ef,2026-06-03T07:54:56Z,ProbabilisticAutomata,BATADAL_test,,,original,4,4,0.05,833,80,58,0.8559,0.1552,0.1125,0.1304,9,704,49,71,,,Grid search for Automata parameters
99588ad7,2026-06-03T07:54:56Z,ProbabilisticAutomata,BATADAL_test,,,original,4,5,0.05,833,80,102,0.8151,0.1373,0.175,0.1538,14,665,88,66,,,Grid search for Automata parameters
32d0a69f,2026-06-03T07:54:56Z,ProbabilisticAutomata,BATADAL_test,,,original,4,6,0.05,833,80,165,0.7491,0.1091,0.225,0.1469,18,606,147,62,,,Grid search for Automata parameters
557b58f6,2026-06-03T07:54:57Z,ProbabilisticAutomata,BATADAL_test,,,original,5,3,0.05,832,80,56,0.851,0.1071,0.075,0.0882,6,702,50,74,,,Grid search for Automata parameters
221ab6f4,2026-06-03T07:54:57Z,ProbabilisticAutomata,BATADAL_test,,,original,5,4,0.05,832,80,101,0.8089,0.1089,0.1375,0.1215,11,662,90,69,,,Grid search for Automata parameters
83f320e1,2026-06-03T07:54:57Z,ProbabilisticAutomata,BATADAL_test,,,original,5,5,0.05,832,80,155,0.7584,0.1097,0.2125,0.1447,17,614,138,63,,,Grid search for Automata parameters
99c7bc59,2026-06-03T07:54:57Z,ProbabilisticAutomata,BATADAL_test,,,original,5,6,0.05,832,80,237,0.6647,0.0802,0.2375,0.1199,19,534,218,61,,,Grid search for Automata parameters
a12fd816,2026-06-03T07:54:58Z,ProbabilisticAutomata,BATADAL_test,,,original,6,3,0.05,831,80,91,0.8159,0.0989,0.1125,0.1053,9,669,82,71,,,Grid search for Automata parameters
dac2234c,2026-06-03T07:54:58Z,ProbabilisticAutomata,BATADAL_test,,,original,6,4,0.05,831,80,160,0.7473,0.0938,0.1875,0.125,15,606,145,65,,,Grid search for Automata parameters
de12d483,2026-06-03T07:54:59Z,ProbabilisticAutomata,BATADAL_test,,,original,6,5,0.05,831,80,235,0.6787,0.1021,0.3,0.1524,24,540,211,56,,,Grid search for Automata parameters
30bd65f9,2026-06-03T07:55:01Z,ProbabilisticAutomata,BATADAL_test,,,original,6,6,0.05,831,80,303,0.5993,0.0825,0.3125,0.1305,25,473,278,55,,,Grid search for Automata parameters
