dataset,model,suffix,n_samples,n_anomalies_pred,n_anomalies_true,training_time,inference_time,accuracy,precision,recall,f1,tp,tn,fp,fn,seed
SKAB_fold_1,LSTM,seed_42,4515,0,1546,9.590518712997437,0.6435747146606445,0.6576,0.0,0.0,0.0,0,2969,0,1546,42
SKAB_fold_1,1D-CNN,seed_42,4515,0,1546,5.396976470947266,0.45998406410217285,0.6576,0.0,0.0,0.0,0,2969,0,1546,42
SKAB_fold_1,GRU,seed_42,4515,0,1546,7.850142478942871,0.762061595916748,0.6576,0.0,0.0,0.0,0,2969,0,1546,42
SKAB_fold_2,LSTM,seed_42,4427,0,1598,9.590518712997437,0.6968610286712646,0.639,0.0,0.0,0.0,0,2829,0,1598,42
SKAB_fold_2,1D-CNN,seed_42,4427,0,1598,5.396976470947266,0.4419283866882324,0.639,0.0,0.0,0.0,0,2829,0,1598,42
SKAB_fold_2,GRU,seed_42,4427,0,1598,7.850142478942871,0.6030714511871338,0.639,0.0,0.0,0.0,0,2829,0,1598,42
SKAB_fold_3,LSTM,seed_42,4506,0,1542,9.590518712997437,0.721423864364624,0.6578,0.0,0.0,0.0,0,2964,0,1542,42
SKAB_fold_3,1D-CNN,seed_42,4506,0,1542,5.396976470947266,0.45132875442504883,0.6578,0.0,0.0,0.0,0,2964,0,1542,42
SKAB_fold_3,GRU,seed_42,4506,0,1542,7.850142478942871,0.794269323348999,0.6578,0.0,0.0,0.0,0,2964,0,1542,42
SKAB_fold_4,LSTM,seed_42,4515,0,1605,9.590518712997437,0.6809027194976807,0.6445,0.0,0.0,0.0,0,2910,0,1605,42
SKAB_fold_4,1D-CNN,seed_42,4515,0,1605,5.396976470947266,0.4414970874786377,0.6445,0.0,0.0,0.0,0,2910,0,1605,42
SKAB_fold_4,GRU,seed_42,4515,0,1605,7.850142478942871,0.5830261707305908,0.6445,0.0,0.0,0.0,0,2910,0,1605,42
SKAB_fold_5,LSTM,seed_42,4494,0,1535,9.590518712997437,0.6303939819335938,0.6584,0.0,0.0,0.0,0,2959,0,1535,42
SKAB_fold_5,1D-CNN,seed_42,4494,0,1535,5.396976470947266,0.3930225372314453,0.6584,0.0,0.0,0.0,0,2959,0,1535,42
SKAB_fold_5,GRU,seed_42,4494,0,1535,7.850142478942871,0.5331716537475586,0.6584,0.0,0.0,0.0,0,2959,0,1535,42
BATADAL_test,LSTM,seed_42,833,0,80,9.590518712997437,0.3845047950744629,0.904,0.0,0.0,0.0,0,753,0,80,42
BATADAL_test,1D-CNN,seed_42,833,0,80,5.396976470947266,0.2575082778930664,0.904,0.0,0.0,0.0,0,753,0,80,42
BATADAL_test,GRU,seed_42,833,0,80,7.850142478942871,0.38127565383911133,0.904,0.0,0.0,0.0,0,753,0,80,42
SKAB_fold_1,ProbabilisticAutomata,seed_42,4515,138,1546,0.07365536689758301,0.02409815788269043,0.6483,0.3478,0.031,0.057,48,2879,90,1498,42
SKAB_fold_2,ProbabilisticAutomata,seed_42,4427,36,1598,0.07365536689758301,0.02336406707763672,0.6327,0.1111,0.0025,0.0049,4,2797,32,1594,42
SKAB_fold_3,ProbabilisticAutomata,seed_42,4506,5,1542,0.07365536689758301,0.026371479034423828,0.6567,0.0,0.0,0.0,0,2959,5,1542,42
SKAB_fold_4,ProbabilisticAutomata,seed_42,4515,40,1605,0.07365536689758301,0.024937868118286133,0.6432,0.425,0.0106,0.0207,17,2887,23,1588,42
SKAB_fold_5,ProbabilisticAutomata,seed_42,4494,24,1535,0.07365536689758301,0.02389812469482422,0.6544,0.125,0.002,0.0038,3,2938,21,1532,42
BATADAL_test,ProbabilisticAutomata,seed_42,833,31,80,0.013705968856811523,0.008069515228271484,0.8739,0.0968,0.0375,0.0541,3,725,28,77,42
SKAB_fold_1_noisy,LSTM,seed_42,4515,0,1546,9.590518712997437,0.511115550994873,0.6576,0.0,0.0,0.0,0,2969,0,1546,42
SKAB_fold_1_noisy,1D-CNN,seed_42,4515,0,1546,5.396976470947266,0.43152594566345215,0.6576,0.0,0.0,0.0,0,2969,0,1546,42
SKAB_fold_1_noisy,GRU,seed_42,4515,0,1546,7.850142478942871,0.7473495006561279,0.6576,0.0,0.0,0.0,0,2969,0,1546,42
SKAB_fold_2_noisy,LSTM,seed_42,4427,0,1598,9.590518712997437,0.6722021102905273,0.639,0.0,0.0,0.0,0,2829,0,1598,42
SKAB_fold_2_noisy,1D-CNN,seed_42,4427,0,1598,5.396976470947266,0.48314571380615234,0.639,0.0,0.0,0.0,0,2829,0,1598,42
SKAB_fold_2_noisy,GRU,seed_42,4427,0,1598,7.850142478942871,0.6533951759338379,0.639,0.0,0.0,0.0,0,2829,0,1598,42
SKAB_fold_3_noisy,LSTM,seed_42,4506,0,1542,9.590518712997437,0.7304339408874512,0.6578,0.0,0.0,0.0,0,2964,0,1542,42
SKAB_fold_3_noisy,1D-CNN,seed_42,4506,0,1542,5.396976470947266,0.497298002243042,0.6578,0.0,0.0,0.0,0,2964,0,1542,42
SKAB_fold_3_noisy,GRU,seed_42,4506,0,1542,7.850142478942871,0.7062807083129883,0.6578,0.0,0.0,0.0,0,2964,0,1542,42
SKAB_fold_4_noisy,LSTM,seed_42,4515,0,1605,9.590518712997437,0.673119306564331,0.6445,0.0,0.0,0.0,0,2910,0,1605,42
SKAB_fold_4_noisy,1D-CNN,seed_42,4515,0,1605,5.396976470947266,0.5095889568328857,0.6445,0.0,0.0,0.0,0,2910,0,1605,42
SKAB_fold_4_noisy,GRU,seed_42,4515,0,1605,7.850142478942871,0.6768746376037598,0.6445,0.0,0.0,0.0,0,2910,0,1605,42
SKAB_fold_5_noisy,LSTM,seed_42,4494,0,1535,9.590518712997437,0.6405086517333984,0.6584,0.0,0.0,0.0,0,2959,0,1535,42
SKAB_fold_5_noisy,1D-CNN,seed_42,4494,0,1535,5.396976470947266,0.46372103691101074,0.6584,0.0,0.0,0.0,0,2959,0,1535,42
SKAB_fold_5_noisy,GRU,seed_42,4494,0,1535,7.850142478942871,1.1573987007141113,0.6584,0.0,0.0,0.0,0,2959,0,1535,42
BATADAL_test_noisy,LSTM,seed_42,833,0,80,9.590518712997437,0.5024697780609131,0.904,0.0,0.0,0.0,0,753,0,80,42
BATADAL_test_noisy,1D-CNN,seed_42,833,0,80,5.396976470947266,0.2928924560546875,0.904,0.0,0.0,0.0,0,753,0,80,42
BATADAL_test_noisy,GRU,seed_42,833,0,80,7.850142478942871,0.49243903160095215,0.904,0.0,0.0,0.0,0,753,0,80,42
SKAB_fold_1_noisy,ProbabilisticAutomata,seed_42,4515,1090,1546,0.07365536689758301,0.026500225067138672,0.5849,0.3495,0.2464,0.2891,381,2260,709,1165,42
SKAB_fold_2_noisy,ProbabilisticAutomata,seed_42,4427,703,1598,0.07365536689758301,0.024929523468017578,0.5593,0.2489,0.1095,0.1521,175,2301,528,1423,42
SKAB_fold_3_noisy,ProbabilisticAutomata,seed_42,4506,454,1542,0.07365536689758301,0.02728581428527832,0.5921,0.174,0.0512,0.0792,79,2589,375,1463,42
SKAB_fold_4_noisy,ProbabilisticAutomata,seed_42,4515,449,1605,0.07365536689758301,0.026915311813354492,0.6128,0.3408,0.0953,0.149,153,2614,296,1452,42
SKAB_fold_5_noisy,ProbabilisticAutomata,seed_42,4494,608,1535,0.07365536689758301,0.0269622802734375,0.5739,0.1875,0.0743,0.1064,114,2465,494,1421,42
BATADAL_test_noisy,ProbabilisticAutomata,seed_42,833,107,80,0.013705968856811523,0.008276700973510742,0.7947,0.0748,0.1,0.0856,8,654,99,72,42
SKAB_fold_1_unseen,LSTM,seed_42,4515,0,1546,9.590518712997437,0.6881387233734131,0.6576,0.0,0.0,0.0,0,2969,0,1546,42
SKAB_fold_1_unseen,1D-CNN,seed_42,4515,0,1546,5.396976470947266,0.5027437210083008,0.6576,0.0,0.0,0.0,0,2969,0,1546,42
SKAB_fold_1_unseen,GRU,seed_42,4515,0,1546,7.850142478942871,0.7700691223144531,0.6576,0.0,0.0,0.0,0,2969,0,1546,42
SKAB_fold_2_unseen,LSTM,seed_42,4427,0,1598,9.590518712997437,0.5307614803314209,0.639,0.0,0.0,0.0,0,2829,0,1598,42
SKAB_fold_2_unseen,1D-CNN,seed_42,4427,0,1598,5.396976470947266,0.455524206161499,0.639,0.0,0.0,0.0,0,2829,0,1598,42
SKAB_fold_2_unseen,GRU,seed_42,4427,0,1598,7.850142478942871,0.7345371246337891,0.639,0.0,0.0,0.0,0,2829,0,1598,42
SKAB_fold_3_unseen,LSTM,seed_42,4506,0,1542,9.590518712997437,0.6666650772094727,0.6578,0.0,0.0,0.0,0,2964,0,1542,42
SKAB_fold_3_unseen,1D-CNN,seed_42,4506,0,1542,5.396976470947266,0.4782860279083252,0.6578,0.0,0.0,0.0,0,2964,0,1542,42
SKAB_fold_3_unseen,GRU,seed_42,4506,0,1542,7.850142478942871,0.6368772983551025,0.6578,0.0,0.0,0.0,0,2964,0,1542,42
SKAB_fold_4_unseen,LSTM,seed_42,4515,0,1605,9.590518712997437,0.5472323894500732,0.6445,0.0,0.0,0.0,0,2910,0,1605,42
SKAB_fold_4_unseen,1D-CNN,seed_42,4515,0,1605,5.396976470947266,0.4187016487121582,0.6445,0.0,0.0,0.0,0,2910,0,1605,42
SKAB_fold_4_unseen,GRU,seed_42,4515,0,1605,7.850142478942871,0.7004444599151611,0.6445,0.0,0.0,0.0,0,2910,0,1605,42
SKAB_fold_5_unseen,LSTM,seed_42,4494,0,1535,9.590518712997437,0.5437605381011963,0.6584,0.0,0.0,0.0,0,2959,0,1535,42
SKAB_fold_5_unseen,1D-CNN,seed_42,4494,0,1535,5.396976470947266,0.39345598220825195,0.6584,0.0,0.0,0.0,0,2959,0,1535,42
SKAB_fold_5_unseen,GRU,seed_42,4494,0,1535,7.850142478942871,0.5766868591308594,0.6584,0.0,0.0,0.0,0,2959,0,1535,42
BATADAL_test_unseen,LSTM,seed_42,833,0,80,9.590518712997437,0.33307814598083496,0.904,0.0,0.0,0.0,0,753,0,80,42
BATADAL_test_unseen,1D-CNN,seed_42,833,0,80,5.396976470947266,0.22635722160339355,0.904,0.0,0.0,0.0,0,753,0,80,42
BATADAL_test_unseen,GRU,seed_42,833,0,80,7.850142478942871,0.4299733638763428,0.904,0.0,0.0,0.0,0,753,0,80,42
SKAB_fold_1_unseen,ProbabilisticAutomata,seed_42,4515,454,1546,0.07365536689758301,0.02711653709411621,0.6288,0.3568,0.1048,0.162,162,2677,292,1384,42
SKAB_fold_2_unseen,ProbabilisticAutomata,seed_42,4427,439,1598,0.07365536689758301,0.026328563690185547,0.6103,0.3554,0.0976,0.1532,156,2546,283,1442,42
SKAB_fold_3_unseen,ProbabilisticAutomata,seed_42,4506,233,1542,0.07365536689758301,0.023673057556152344,0.6354,0.2833,0.0428,0.0744,66,2797,167,1476,42
SKAB_fold_4_unseen,ProbabilisticAutomata,seed_42,4515,258,1605,0.07365536689758301,0.025858640670776367,0.6286,0.3605,0.0579,0.0998,93,2745,165,1512,42
SKAB_fold_5_unseen,ProbabilisticAutomata,seed_42,4494,438,1535,0.07365536689758301,0.02593255043029785,0.6255,0.3311,0.0945,0.147,145,2666,293,1390,42
BATADAL_test_unseen,ProbabilisticAutomata,seed_42,833,94,80,0.013705968856811523,0.007845163345336914,0.8175,0.117,0.1375,0.1264,11,670,83,69,42
SKAB_fold_1,LSTM,seed_123,4515,0,1546,9.131176471710205,0.6786015033721924,0.6576,0.0,0.0,0.0,0,2969,0,1546,123
SKAB_fold_1,1D-CNN,seed_123,4515,0,1546,5.475814342498779,0.5125105381011963,0.6576,0.0,0.0,0.0,0,2969,0,1546,123
SKAB_fold_1,GRU,seed_123,4515,0,1546,10.29713225364685,0.714036226272583,0.6576,0.0,0.0,0.0,0,2969,0,1546,123
SKAB_fold_2,LSTM,seed_123,4427,0,1598,9.131176471710205,0.7244212627410889,0.639,0.0,0.0,0.0,0,2829,0,1598,123
SKAB_fold_2,1D-CNN,seed_123,4427,0,1598,5.475814342498779,0.5005650520324707,0.639,0.0,0.0,0.0,0,2829,0,1598,123
SKAB_fold_2,GRU,seed_123,4427,0,1598,10.29713225364685,0.6819217205047607,0.639,0.0,0.0,0.0,0,2829,0,1598,123
SKAB_fold_3,LSTM,seed_123,4506,0,1542,9.131176471710205,0.7205562591552734,0.6578,0.0,0.0,0.0,0,2964,0,1542,123
SKAB_fold_3,1D-CNN,seed_123,4506,0,1542,5.475814342498779,0.46689653396606445,0.6578,0.0,0.0,0.0,0,2964,0,1542,123
SKAB_fold_3,GRU,seed_123,4506,0,1542,10.29713225364685,0.7056407928466797,0.6578,0.0,0.0,0.0,0,2964,0,1542,123
SKAB_fold_4,LSTM,seed_123,4515,0,1605,9.131176471710205,0.7107152938842773,0.6445,0.0,0.0,0.0,0,2910,0,1605,123
SKAB_fold_4,1D-CNN,seed_123,4515,0,1605,5.475814342498779,0.4546852111816406,0.6445,0.0,0.0,0.0,0,2910,0,1605,123
SKAB_fold_4,GRU,seed_123,4515,0,1605,10.29713225364685,0.571028470993042,0.6445,0.0,0.0,0.0,0,2910,0,1605,123
SKAB_fold_5,LSTM,seed_123,4494,0,1535,9.131176471710205,1.1391410827636719,0.6584,0.0,0.0,0.0,0,2959,0,1535,123
SKAB_fold_5,1D-CNN,seed_123,4494,0,1535,5.475814342498779,0.42580413818359375,0.6584,0.0,0.0,0.0,0,2959,0,1535,123
SKAB_fold_5,GRU,seed_123,4494,0,1535,10.29713225364685,0.5524823665618896,0.6584,0.0,0.0,0.0,0,2959,0,1535,123
BATADAL_test,LSTM,seed_123,833,0,80,9.131176471710205,0.4096200466156006,0.904,0.0,0.0,0.0,0,753,0,80,123
BATADAL_test,1D-CNN,seed_123,833,0,80,5.475814342498779,0.301257848739624,0.904,0.0,0.0,0.0,0,753,0,80,123
BATADAL_test,GRU,seed_123,833,0,80,10.29713225364685,0.5433180332183838,0.904,0.0,0.0,0.0,0,753,0,80,123
SKAB_fold_1,ProbabilisticAutomata,seed_123,4515,138,1546,0.0741124153137207,0.03697919845581055,0.6483,0.3478,0.031,0.057,48,2879,90,1498,123
SKAB_fold_2,ProbabilisticAutomata,seed_123,4427,36,1598,0.0741124153137207,0.03350257873535156,0.6327,0.1111,0.0025,0.0049,4,2797,32,1594,123
SKAB_fold_3,ProbabilisticAutomata,seed_123,4506,5,1542,0.0741124153137207,0.02827620506286621,0.6567,0.0,0.0,0.0,0,2959,5,1542,123
SKAB_fold_4,ProbabilisticAutomata,seed_123,4515,40,1605,0.0741124153137207,0.02536940574645996,0.6432,0.425,0.0106,0.0207,17,2887,23,1588,123
SKAB_fold_5,ProbabilisticAutomata,seed_123,4494,24,1535,0.0741124153137207,0.022734642028808594,0.6544,0.125,0.002,0.0038,3,2938,21,1532,123
BATADAL_test,ProbabilisticAutomata,seed_123,833,31,80,0.014501333236694336,0.0076446533203125,0.8739,0.0968,0.0375,0.0541,3,725,28,77,123
SKAB_fold_1_noisy,LSTM,seed_123,4515,0,1546,9.131176471710205,0.5384523868560791,0.6576,0.0,0.0,0.0,0,2969,0,1546,123
SKAB_fold_1_noisy,1D-CNN,seed_123,4515,0,1546,5.475814342498779,0.44232940673828125,0.6576,0.0,0.0,0.0,0,2969,0,1546,123
SKAB_fold_1_noisy,GRU,seed_123,4515,0,1546,10.29713225364685,0.5687034130096436,0.6576,0.0,0.0,0.0,0,2969,0,1546,123
SKAB_fold_2_noisy,LSTM,seed_123,4427,0,1598,9.131176471710205,0.5186054706573486,0.639,0.0,0.0,0.0,0,2829,0,1598,123
SKAB_fold_2_noisy,1D-CNN,seed_123,4427,0,1598,5.475814342498779,0.421903133392334,0.639,0.0,0.0,0.0,0,2829,0,1598,123
SKAB_fold_2_noisy,GRU,seed_123,4427,0,1598,10.29713225364685,0.6361870765686035,0.639,0.0,0.0,0.0,0,2829,0,1598,123
SKAB_fold_3_noisy,LSTM,seed_123,4506,0,1542,9.131176471710205,0.5770766735076904,0.6578,0.0,0.0,0.0,0,2964,0,1542,123
SKAB_fold_3_noisy,1D-CNN,seed_123,4506,0,1542,5.475814342498779,0.44281983375549316,0.6578,0.0,0.0,0.0,0,2964,0,1542,123
SKAB_fold_3_noisy,GRU,seed_123,4506,0,1542,10.29713225364685,0.5540101528167725,0.6578,0.0,0.0,0.0,0,2964,0,1542,123
SKAB_fold_4_noisy,LSTM,seed_123,4515,0,1605,9.131176471710205,0.5322866439819336,0.6445,0.0,0.0,0.0,0,2910,0,1605,123
SKAB_fold_4_noisy,1D-CNN,seed_123,4515,0,1605,5.475814342498779,0.46654510498046875,0.6445,0.0,0.0,0.0,0,2910,0,1605,123
SKAB_fold_4_noisy,GRU,seed_123,4515,0,1605,10.29713225364685,0.7458877563476562,0.6445,0.0,0.0,0.0,0,2910,0,1605,123
SKAB_fold_5_noisy,LSTM,seed_123,4494,0,1535,9.131176471710205,0.7304320335388184,0.6584,0.0,0.0,0.0,0,2959,0,1535,123
SKAB_fold_5_noisy,1D-CNN,seed_123,4494,0,1535,5.475814342498779,0.4948854446411133,0.6584,0.0,0.0,0.0,0,2959,0,1535,123
SKAB_fold_5_noisy,GRU,seed_123,4494,0,1535,10.29713225364685,0.7860939502716064,0.6584,0.0,0.0,0.0,0,2959,0,1535,123
BATADAL_test_noisy,LSTM,seed_123,833,0,80,9.131176471710205,0.5275335311889648,0.904,0.0,0.0,0.0,0,753,0,80,123
BATADAL_test_noisy,1D-CNN,seed_123,833,0,80,5.475814342498779,0.32104063034057617,0.904,0.0,0.0,0.0,0,753,0,80,123
BATADAL_test_noisy,GRU,seed_123,833,0,80,10.29713225364685,0.5008513927459717,0.904,0.0,0.0,0.0,0,753,0,80,123
SKAB_fold_1_noisy,ProbabilisticAutomata,seed_123,4515,1144,1546,0.0741124153137207,0.027262210845947266,0.5756,0.3383,0.2503,0.2877,387,2212,757,1159,123
SKAB_fold_2_noisy,ProbabilisticAutomata,seed_123,4427,646,1598,0.0741124153137207,0.02465987205505371,0.574,0.2771,0.112,0.1595,179,2362,467,1419,123
SKAB_fold_3_noisy,ProbabilisticAutomata,seed_123,4506,423,1542,0.0741124153137207,0.024343490600585938,0.5972,0.1773,0.0486,0.0763,75,2616,348,1467,123
SKAB_fold_4_noisy,ProbabilisticAutomata,seed_123,4515,437,1605,0.0741124153137207,0.02420520782470703,0.6186,0.3661,0.0997,0.1567,160,2633,277,1445,123
SKAB_fold_5_noisy,ProbabilisticAutomata,seed_123,4494,622,1535,0.0741124153137207,0.023374319076538086,0.5676,0.172,0.0697,0.0992,107,2444,515,1428,123
BATADAL_test_noisy,ProbabilisticAutomata,seed_123,833,115,80,0.014501333236694336,0.008655786514282227,0.7803,0.0522,0.075,0.0615,6,644,109,74,123
SKAB_fold_1_unseen,LSTM,seed_123,4515,0,1546,9.131176471710205,0.633397102355957,0.6576,0.0,0.0,0.0,0,2969,0,1546,123
SKAB_fold_1_unseen,1D-CNN,seed_123,4515,0,1546,5.475814342498779,0.483292818069458,0.6576,0.0,0.0,0.0,0,2969,0,1546,123
SKAB_fold_1_unseen,GRU,seed_123,4515,0,1546,10.29713225364685,0.7071716785430908,0.6576,0.0,0.0,0.0,0,2969,0,1546,123
SKAB_fold_2_unseen,LSTM,seed_123,4427,0,1598,9.131176471710205,0.5546844005584717,0.639,0.0,0.0,0.0,0,2829,0,1598,123
SKAB_fold_2_unseen,1D-CNN,seed_123,4427,0,1598,5.475814342498779,0.44410109519958496,0.639,0.0,0.0,0.0,0,2829,0,1598,123
SKAB_fold_2_unseen,GRU,seed_123,4427,0,1598,10.29713225364685,0.6653053760528564,0.639,0.0,0.0,0.0,0,2829,0,1598,123
SKAB_fold_3_unseen,LSTM,seed_123,4506,0,1542,9.131176471710205,0.7242794036865234,0.6578,0.0,0.0,0.0,0,2964,0,1542,123
SKAB_fold_3_unseen,1D-CNN,seed_123,4506,0,1542,5.475814342498779,0.45059776306152344,0.6578,0.0,0.0,0.0,0,2964,0,1542,123
SKAB_fold_3_unseen,GRU,seed_123,4506,0,1542,10.29713225364685,0.7213101387023926,0.6578,0.0,0.0,0.0,0,2964,0,1542,123
SKAB_fold_4_unseen,LSTM,seed_123,4515,0,1605,9.131176471710205,0.672307014465332,0.6445,0.0,0.0,0.0,0,2910,0,1605,123
SKAB_fold_4_unseen,1D-CNN,seed_123,4515,0,1605,5.475814342498779,0.4885067939758301,0.6445,0.0,0.0,0.0,0,2910,0,1605,123
SKAB_fold_4_unseen,GRU,seed_123,4515,0,1605,10.29713225364685,0.6214640140533447,0.6445,0.0,0.0,0.0,0,2910,0,1605,123
SKAB_fold_5_unseen,LSTM,seed_123,4494,0,1535,9.131176471710205,0.6208641529083252,0.6584,0.0,0.0,0.0,0,2959,0,1535,123
SKAB_fold_5_unseen,1D-CNN,seed_123,4494,0,1535,5.475814342498779,0.4635634422302246,0.6584,0.0,0.0,0.0,0,2959,0,1535,123
SKAB_fold_5_unseen,GRU,seed_123,4494,0,1535,10.29713225364685,0.611591100692749,0.6584,0.0,0.0,0.0,0,2959,0,1535,123
BATADAL_test_unseen,LSTM,seed_123,833,0,80,9.131176471710205,0.4706251621246338,0.904,0.0,0.0,0.0,0,753,0,80,123
BATADAL_test_unseen,1D-CNN,seed_123,833,0,80,5.475814342498779,0.24666810035705566,0.904,0.0,0.0,0.0,0,753,0,80,123
BATADAL_test_unseen,GRU,seed_123,833,0,80,10.29713225364685,0.38346385955810547,0.904,0.0,0.0,0.0,0,753,0,80,123
SKAB_fold_1_unseen,ProbabilisticAutomata,seed_123,4515,438,1546,0.0741124153137207,0.02629566192626953,0.6323,0.3699,0.1048,0.1633,162,2693,276,1384,123
SKAB_fold_2_unseen,ProbabilisticAutomata,seed_123,4427,440,1598,0.0741124153137207,0.02217841148376465,0.6029,0.3182,0.0876,0.1374,140,2529,300,1458,123
SKAB_fold_3_unseen,ProbabilisticAutomata,seed_123,4506,230,1542,0.0741124153137207,0.021146535873413086,0.6431,0.3565,0.0532,0.0926,82,2816,148,1460,123
SKAB_fold_4_unseen,ProbabilisticAutomata,seed_123,4515,237,1605,0.0741124153137207,0.024982213973999023,0.6332,0.3924,0.0579,0.101,93,2766,144,1512,123
SKAB_fold_5_unseen,ProbabilisticAutomata,seed_123,4494,446,1535,0.0741124153137207,0.024930953979492188,0.6246,0.3296,0.0958,0.1484,147,2660,299,1388,123
BATADAL_test_unseen,ProbabilisticAutomata,seed_123,833,95,80,0.014501333236694336,0.008415937423706055,0.8163,0.1158,0.1375,0.1257,11,669,84,69,123
SKAB_fold_1,LSTM,seed_2026,4515,0,1546,7.806378602981567,1.0822241306304932,0.6576,0.0,0.0,0.0,0,2969,0,1546,2026
SKAB_fold_1,1D-CNN,seed_2026,4515,0,1546,4.74645209312439,0.5203249454498291,0.6576,0.0,0.0,0.0,0,2969,0,1546,2026
SKAB_fold_1,GRU,seed_2026,4515,0,1546,6.140692710876465,0.7784545421600342,0.6576,0.0,0.0,0.0,0,2969,0,1546,2026
SKAB_fold_2,LSTM,seed_2026,4427,0,1598,7.806378602981567,0.6891889572143555,0.639,0.0,0.0,0.0,0,2829,0,1598,2026
SKAB_fold_2,1D-CNN,seed_2026,4427,0,1598,4.74645209312439,0.5136995315551758,0.639,0.0,0.0,0.0,0,2829,0,1598,2026
SKAB_fold_2,GRU,seed_2026,4427,0,1598,6.140692710876465,0.7676234245300293,0.639,0.0,0.0,0.0,0,2829,0,1598,2026
SKAB_fold_3,LSTM,seed_2026,4506,0,1542,7.806378602981567,0.7364907264709473,0.6578,0.0,0.0,0.0,0,2964,0,1542,2026
SKAB_fold_3,1D-CNN,seed_2026,4506,0,1542,4.74645209312439,0.5034422874450684,0.6578,0.0,0.0,0.0,0,2964,0,1542,2026
SKAB_fold_3,GRU,seed_2026,4506,0,1542,6.140692710876465,0.582207441329956,0.6578,0.0,0.0,0.0,0,2964,0,1542,2026
SKAB_fold_4,LSTM,seed_2026,4515,0,1605,7.806378602981567,0.6263561248779297,0.6445,0.0,0.0,0.0,0,2910,0,1605,2026
SKAB_fold_4,1D-CNN,seed_2026,4515,0,1605,4.74645209312439,0.48124170303344727,0.6445,0.0,0.0,0.0,0,2910,0,1605,2026
SKAB_fold_4,GRU,seed_2026,4515,0,1605,6.140692710876465,0.7880089282989502,0.6445,0.0,0.0,0.0,0,2910,0,1605,2026
SKAB_fold_5,LSTM,seed_2026,4494,0,1535,7.806378602981567,0.6773135662078857,0.6584,0.0,0.0,0.0,0,2959,0,1535,2026
SKAB_fold_5,1D-CNN,seed_2026,4494,0,1535,4.74645209312439,0.47466015815734863,0.6584,0.0,0.0,0.0,0,2959,0,1535,2026
SKAB_fold_5,GRU,seed_2026,4494,0,1535,6.140692710876465,0.7109091281890869,0.6584,0.0,0.0,0.0,0,2959,0,1535,2026
BATADAL_test,LSTM,seed_2026,833,0,80,7.806378602981567,0.48337221145629883,0.904,0.0,0.0,0.0,0,753,0,80,2026
BATADAL_test,1D-CNN,seed_2026,833,0,80,4.74645209312439,0.2763960361480713,0.904,0.0,0.0,0.0,0,753,0,80,2026
BATADAL_test,GRU,seed_2026,833,0,80,6.140692710876465,0.44266510009765625,0.904,0.0,0.0,0.0,0,753,0,80,2026
SKAB_fold_1,ProbabilisticAutomata,seed_2026,4515,138,1546,0.08991885185241699,0.02144598960876465,0.6483,0.3478,0.031,0.057,48,2879,90,1498,2026
SKAB_fold_2,ProbabilisticAutomata,seed_2026,4427,36,1598,0.08991885185241699,0.025197267532348633,0.6327,0.1111,0.0025,0.0049,4,2797,32,1594,2026
SKAB_fold_3,ProbabilisticAutomata,seed_2026,4506,5,1542,0.08991885185241699,0.0232546329498291,0.6567,0.0,0.0,0.0,0,2959,5,1542,2026
SKAB_fold_4,ProbabilisticAutomata,seed_2026,4515,40,1605,0.08991885185241699,0.023740291595458984,0.6432,0.425,0.0106,0.0207,17,2887,23,1588,2026
SKAB_fold_5,ProbabilisticAutomata,seed_2026,4494,24,1535,0.08991885185241699,0.025987625122070312,0.6544,0.125,0.002,0.0038,3,2938,21,1532,2026
BATADAL_test,ProbabilisticAutomata,seed_2026,833,31,80,0.015068531036376953,0.008280277252197266,0.8739,0.0968,0.0375,0.0541,3,725,28,77,2026
SKAB_fold_1_noisy,LSTM,seed_2026,4515,0,1546,7.806378602981567,0.607396125793457,0.6576,0.0,0.0,0.0,0,2969,0,1546,2026
SKAB_fold_1_noisy,1D-CNN,seed_2026,4515,0,1546,4.74645209312439,0.42124247550964355,0.6576,0.0,0.0,0.0,0,2969,0,1546,2026
SKAB_fold_1_noisy,GRU,seed_2026,4515,0,1546,6.140692710876465,0.6524055004119873,0.6576,0.0,0.0,0.0,0,2969,0,1546,2026
SKAB_fold_2_noisy,LSTM,seed_2026,4427,0,1598,7.806378602981567,0.6442360877990723,0.639,0.0,0.0,0.0,0,2829,0,1598,2026
SKAB_fold_2_noisy,1D-CNN,seed_2026,4427,0,1598,4.74645209312439,0.4920790195465088,0.639,0.0,0.0,0.0,0,2829,0,1598,2026
SKAB_fold_2_noisy,GRU,seed_2026,4427,0,1598,6.140692710876465,0.6727733612060547,0.639,0.0,0.0,0.0,0,2829,0,1598,2026
SKAB_fold_3_noisy,LSTM,seed_2026,4506,0,1542,7.806378602981567,0.6976745128631592,0.6578,0.0,0.0,0.0,0,2964,0,1542,2026
SKAB_fold_3_noisy,1D-CNN,seed_2026,4506,0,1542,4.74645209312439,0.41457104682922363,0.6578,0.0,0.0,0.0,0,2964,0,1542,2026
SKAB_fold_3_noisy,GRU,seed_2026,4506,0,1542,6.140692710876465,0.6498963832855225,0.6578,0.0,0.0,0.0,0,2964,0,1542,2026
SKAB_fold_4_noisy,LSTM,seed_2026,4515,0,1605,7.806378602981567,0.6689119338989258,0.6445,0.0,0.0,0.0,0,2910,0,1605,2026
SKAB_fold_4_noisy,1D-CNN,seed_2026,4515,0,1605,4.74645209312439,0.456101655960083,0.6445,0.0,0.0,0.0,0,2910,0,1605,2026
SKAB_fold_4_noisy,GRU,seed_2026,4515,0,1605,6.140692710876465,0.5752213001251221,0.6445,0.0,0.0,0.0,0,2910,0,1605,2026
SKAB_fold_5_noisy,LSTM,seed_2026,4494,0,1535,7.806378602981567,0.6265115737915039,0.6584,0.0,0.0,0.0,0,2959,0,1535,2026
SKAB_fold_5_noisy,1D-CNN,seed_2026,4494,0,1535,4.74645209312439,0.46289539337158203,0.6584,0.0,0.0,0.0,0,2959,0,1535,2026
SKAB_fold_5_noisy,GRU,seed_2026,4494,0,1535,6.140692710876465,0.5676770210266113,0.6584,0.0,0.0,0.0,0,2959,0,1535,2026
BATADAL_test_noisy,LSTM,seed_2026,833,0,80,7.806378602981567,0.3591623306274414,0.904,0.0,0.0,0.0,0,753,0,80,2026
BATADAL_test_noisy,1D-CNN,seed_2026,833,0,80,4.74645209312439,0.22853899002075195,0.904,0.0,0.0,0.0,0,753,0,80,2026
BATADAL_test_noisy,GRU,seed_2026,833,0,80,6.140692710876465,0.3825960159301758,0.904,0.0,0.0,0.0,0,753,0,80,2026
SKAB_fold_1_noisy,ProbabilisticAutomata,seed_2026,4515,1119,1546,0.08991885185241699,0.02753758430480957,0.5803,0.3441,0.249,0.2889,385,2235,734,1161,2026
SKAB_fold_2_noisy,ProbabilisticAutomata,seed_2026,4427,680,1598,0.08991885185241699,0.028571128845214844,0.5649,0.2588,0.1101,0.1545,176,2325,504,1422,2026
SKAB_fold_3_noisy,ProbabilisticAutomata,seed_2026,4506,465,1542,0.08991885185241699,0.027863264083862305,0.5928,0.1849,0.0558,0.0857,86,2585,379,1456,2026
SKAB_fold_4_noisy,ProbabilisticAutomata,seed_2026,4515,433,1605,0.08991885185241699,0.026700496673583984,0.6128,0.3349,0.0903,0.1423,145,2622,288,1460,2026
SKAB_fold_5_noisy,ProbabilisticAutomata,seed_2026,4494,605,1535,0.08991885185241699,0.025548219680786133,0.5741,0.1868,0.0736,0.1056,113,2467,492,1422,2026
BATADAL_test_noisy,ProbabilisticAutomata,seed_2026,833,104,80,0.015068531036376953,0.008298158645629883,0.7911,0.0481,0.0625,0.0543,5,654,99,75,2026
SKAB_fold_1_unseen,LSTM,seed_2026,4515,0,1546,7.806378602981567,0.5785861015319824,0.6576,0.0,0.0,0.0,0,2969,0,1546,2026
SKAB_fold_1_unseen,1D-CNN,seed_2026,4515,0,1546,4.74645209312439,0.4889557361602783,0.6576,0.0,0.0,0.0,0,2969,0,1546,2026
SKAB_fold_1_unseen,GRU,seed_2026,4515,0,1546,6.140692710876465,0.8014264106750488,0.6576,0.0,0.0,0.0,0,2969,0,1546,2026
SKAB_fold_2_unseen,LSTM,seed_2026,4427,0,1598,7.806378602981567,0.7101590633392334,0.639,0.0,0.0,0.0,0,2829,0,1598,2026
SKAB_fold_2_unseen,1D-CNN,seed_2026,4427,0,1598,4.74645209312439,0.47130537033081055,0.639,0.0,0.0,0.0,0,2829,0,1598,2026
SKAB_fold_2_unseen,GRU,seed_2026,4427,0,1598,6.140692710876465,0.7382597923278809,0.639,0.0,0.0,0.0,0,2829,0,1598,2026
SKAB_fold_3_unseen,LSTM,seed_2026,4506,0,1542,7.806378602981567,0.67681884765625,0.6578,0.0,0.0,0.0,0,2964,0,1542,2026
SKAB_fold_3_unseen,1D-CNN,seed_2026,4506,0,1542,4.74645209312439,0.5125119686126709,0.6578,0.0,0.0,0.0,0,2964,0,1542,2026
SKAB_fold_3_unseen,GRU,seed_2026,4506,0,1542,6.140692710876465,0.7362871170043945,0.6578,0.0,0.0,0.0,0,2964,0,1542,2026
SKAB_fold_4_unseen,LSTM,seed_2026,4515,0,1605,7.806378602981567,0.7374515533447266,0.6445,0.0,0.0,0.0,0,2910,0,1605,2026
SKAB_fold_4_unseen,1D-CNN,seed_2026,4515,0,1605,4.74645209312439,0.5119466781616211,0.6445,0.0,0.0,0.0,0,2910,0,1605,2026
SKAB_fold_4_unseen,GRU,seed_2026,4515,0,1605,6.140692710876465,1.4093682765960693,0.6445,0.0,0.0,0.0,0,2910,0,1605,2026
SKAB_fold_5_unseen,LSTM,seed_2026,4494,0,1535,7.806378602981567,0.7164645195007324,0.6584,0.0,0.0,0.0,0,2959,0,1535,2026
SKAB_fold_5_unseen,1D-CNN,seed_2026,4494,0,1535,4.74645209312439,0.5004189014434814,0.6584,0.0,0.0,0.0,0,2959,0,1535,2026
SKAB_fold_5_unseen,GRU,seed_2026,4494,0,1535,6.140692710876465,0.6029369831085205,0.6584,0.0,0.0,0.0,0,2959,0,1535,2026
BATADAL_test_unseen,LSTM,seed_2026,833,0,80,7.806378602981567,0.46047258377075195,0.904,0.0,0.0,0.0,0,753,0,80,2026
BATADAL_test_unseen,1D-CNN,seed_2026,833,0,80,4.74645209312439,0.2923905849456787,0.904,0.0,0.0,0.0,0,753,0,80,2026
BATADAL_test_unseen,GRU,seed_2026,833,0,80,6.140692710876465,0.4977083206176758,0.904,0.0,0.0,0.0,0,753,0,80,2026
SKAB_fold_1_unseen,ProbabilisticAutomata,seed_2026,4515,457,1546,0.08991885185241699,0.023592472076416016,0.633,0.3786,0.1119,0.1727,173,2685,284,1373,2026
SKAB_fold_2_unseen,ProbabilisticAutomata,seed_2026,4427,445,1598,0.08991885185241699,0.024187088012695312,0.6076,0.3438,0.0957,0.1498,153,2537,292,1445,2026
SKAB_fold_3_unseen,ProbabilisticAutomata,seed_2026,4506,201,1542,0.08991885185241699,0.026790857315063477,0.6372,0.2687,0.035,0.062,54,2817,147,1488,2026
SKAB_fold_4_unseen,ProbabilisticAutomata,seed_2026,4515,236,1605,0.08991885185241699,0.023667097091674805,0.6303,0.3644,0.0536,0.0934,86,2760,150,1519,2026
SKAB_fold_5_unseen,ProbabilisticAutomata,seed_2026,4494,445,1535,0.08991885185241699,0.02515721321105957,0.6302,0.3573,0.1036,0.1606,159,2673,286,1376,2026
BATADAL_test_unseen,ProbabilisticAutomata,seed_2026,833,90,80,0.015068531036376953,0.008995771408081055,0.8151,0.0889,0.1,0.0941,8,671,82,72,2026
SKAB_fold_1,LSTM,seed_7,4515,0,1546,4.915051698684692,0.31186413764953613,0.6576,0.0,0.0,0.0,0,2969,0,1546,7
SKAB_fold_1,1D-CNN,seed_7,4515,0,1546,3.523148536682129,0.22553396224975586,0.6576,0.0,0.0,0.0,0,2969,0,1546,7
SKAB_fold_1,GRU,seed_7,4515,0,1546,2.4527382850646973,0.3234870433807373,0.6576,0.0,0.0,0.0,0,2969,0,1546,7
SKAB_fold_2,LSTM,seed_7,4427,0,1598,4.915051698684692,0.2971928119659424,0.639,0.0,0.0,0.0,0,2829,0,1598,7
SKAB_fold_2,1D-CNN,seed_7,4427,0,1598,3.523148536682129,0.22385692596435547,0.639,0.0,0.0,0.0,0,2829,0,1598,7
SKAB_fold_2,GRU,seed_7,4427,0,1598,2.4527382850646973,0.3196747303009033,0.639,0.0,0.0,0.0,0,2829,0,1598,7
SKAB_fold_3,LSTM,seed_7,4506,0,1542,4.915051698684692,0.30580854415893555,0.6578,0.0,0.0,0.0,0,2964,0,1542,7
SKAB_fold_3,1D-CNN,seed_7,4506,0,1542,3.523148536682129,0.22493672370910645,0.6578,0.0,0.0,0.0,0,2964,0,1542,7
SKAB_fold_3,GRU,seed_7,4506,0,1542,2.4527382850646973,0.3140852451324463,0.6578,0.0,0.0,0.0,0,2964,0,1542,7
SKAB_fold_4,LSTM,seed_7,4515,0,1605,4.915051698684692,0.29927659034729004,0.6445,0.0,0.0,0.0,0,2910,0,1605,7
SKAB_fold_4,1D-CNN,seed_7,4515,0,1605,3.523148536682129,0.22718310356140137,0.6445,0.0,0.0,0.0,0,2910,0,1605,7
SKAB_fold_4,GRU,seed_7,4515,0,1605,2.4527382850646973,0.31339478492736816,0.6445,0.0,0.0,0.0,0,2910,0,1605,7
SKAB_fold_5,LSTM,seed_7,4494,0,1535,4.915051698684692,0.2991139888763428,0.6584,0.0,0.0,0.0,0,2959,0,1535,7
SKAB_fold_5,1D-CNN,seed_7,4494,0,1535,3.523148536682129,0.22498583793640137,0.6584,0.0,0.0,0.0,0,2959,0,1535,7
SKAB_fold_5,GRU,seed_7,4494,0,1535,2.4527382850646973,0.3176689147949219,0.6584,0.0,0.0,0.0,0,2959,0,1535,7
BATADAL_test,LSTM,seed_7,833,0,80,4.915051698684692,0.20787715911865234,0.904,0.0,0.0,0.0,0,753,0,80,7
BATADAL_test,1D-CNN,seed_7,833,0,80,3.523148536682129,0.13370990753173828,0.904,0.0,0.0,0.0,0,753,0,80,7
BATADAL_test,GRU,seed_7,833,0,80,2.4527382850646973,0.2290668487548828,0.904,0.0,0.0,0.0,0,753,0,80,7
SKAB_fold_1,ProbabilisticAutomata,seed_7,4515,138,1546,0.03956747055053711,0.010873079299926758,0.6483,0.3478,0.031,0.057,48,2879,90,1498,7
SKAB_fold_2,ProbabilisticAutomata,seed_7,4427,36,1598,0.03956747055053711,0.00991058349609375,0.6327,0.1111,0.0025,0.0049,4,2797,32,1594,7
SKAB_fold_3,ProbabilisticAutomata,seed_7,4506,5,1542,0.03956747055053711,0.011001348495483398,0.6567,0.0,0.0,0.0,0,2959,5,1542,7
SKAB_fold_4,ProbabilisticAutomata,seed_7,4515,40,1605,0.03956747055053711,0.011188745498657227,0.6432,0.425,0.0106,0.0207,17,2887,23,1588,7
SKAB_fold_5,ProbabilisticAutomata,seed_7,4494,24,1535,0.03956747055053711,0.010387659072875977,0.6544,0.125,0.002,0.0038,3,2938,21,1532,7
BATADAL_test,ProbabilisticAutomata,seed_7,833,31,80,0.005637168884277344,0.0036072731018066406,0.8739,0.0968,0.0375,0.0541,3,725,28,77,7
SKAB_fold_1_noisy,LSTM,seed_7,4515,0,1546,4.915051698684692,0.31402587890625,0.6576,0.0,0.0,0.0,0,2969,0,1546,7
SKAB_fold_1_noisy,1D-CNN,seed_7,4515,0,1546,3.523148536682129,0.22691965103149414,0.6576,0.0,0.0,0.0,0,2969,0,1546,7
SKAB_fold_1_noisy,GRU,seed_7,4515,0,1546,2.4527382850646973,0.31619954109191895,0.6576,0.0,0.0,0.0,0,2969,0,1546,7
SKAB_fold_2_noisy,LSTM,seed_7,4427,0,1598,4.915051698684692,0.30141758918762207,0.639,0.0,0.0,0.0,0,2829,0,1598,7
SKAB_fold_2_noisy,1D-CNN,seed_7,4427,0,1598,3.523148536682129,0.22676348686218262,0.639,0.0,0.0,0.0,0,2829,0,1598,7
SKAB_fold_2_noisy,GRU,seed_7,4427,0,1598,2.4527382850646973,0.31400179862976074,0.639,0.0,0.0,0.0,0,2829,0,1598,7
SKAB_fold_3_noisy,LSTM,seed_7,4506,0,1542,4.915051698684692,0.3088512420654297,0.6578,0.0,0.0,0.0,0,2964,0,1542,7
SKAB_fold_3_noisy,1D-CNN,seed_7,4506,0,1542,3.523148536682129,0.2297220230102539,0.6578,0.0,0.0,0.0,0,2964,0,1542,7
SKAB_fold_3_noisy,GRU,seed_7,4506,0,1542,2.4527382850646973,0.32126665115356445,0.6578,0.0,0.0,0.0,0,2964,0,1542,7
SKAB_fold_4_noisy,LSTM,seed_7,4515,0,1605,4.915051698684692,0.29852795600891113,0.6445,0.0,0.0,0.0,0,2910,0,1605,7
SKAB_fold_4_noisy,1D-CNN,seed_7,4515,0,1605,3.523148536682129,0.23144102096557617,0.6445,0.0,0.0,0.0,0,2910,0,1605,7
SKAB_fold_4_noisy,GRU,seed_7,4515,0,1605,2.4527382850646973,0.317669153213501,0.6445,0.0,0.0,0.0,0,2910,0,1605,7
SKAB_fold_5_noisy,LSTM,seed_7,4494,0,1535,4.915051698684692,0.2983276844024658,0.6584,0.0,0.0,0.0,0,2959,0,1535,7
SKAB_fold_5_noisy,1D-CNN,seed_7,4494,0,1535,3.523148536682129,0.2312631607055664,0.6584,0.0,0.0,0.0,0,2959,0,1535,7
SKAB_fold_5_noisy,GRU,seed_7,4494,0,1535,2.4527382850646973,0.3182556629180908,0.6584,0.0,0.0,0.0,0,2959,0,1535,7
BATADAL_test_noisy,LSTM,seed_7,833,0,80,4.915051698684692,0.20509886741638184,0.904,0.0,0.0,0.0,0,753,0,80,7
BATADAL_test_noisy,1D-CNN,seed_7,833,0,80,3.523148536682129,0.13293981552124023,0.904,0.0,0.0,0.0,0,753,0,80,7
BATADAL_test_noisy,GRU,seed_7,833,0,80,2.4527382850646973,0.22661185264587402,0.904,0.0,0.0,0.0,0,753,0,80,7
SKAB_fold_1_noisy,ProbabilisticAutomata,seed_7,4515,1142,1546,0.03956747055053711,0.01091766357421875,0.5748,0.3363,0.2484,0.2857,384,2211,758,1162,7
SKAB_fold_2_noisy,ProbabilisticAutomata,seed_7,4427,648,1598,0.03956747055053711,0.011359214782714844,0.5735,0.2762,0.112,0.1594,179,2360,469,1419,7
SKAB_fold_3_noisy,ProbabilisticAutomata,seed_7,4506,419,1542,0.03956747055053711,0.012181520462036133,0.5985,0.1814,0.0493,0.0775,76,2621,343,1466,7
SKAB_fold_4_noisy,ProbabilisticAutomata,seed_7,4515,458,1605,0.03956747055053711,0.010496377944946289,0.6135,0.3472,0.0991,0.1541,159,2611,299,1446,7
SKAB_fold_5_noisy,ProbabilisticAutomata,seed_7,4494,594,1535,0.03956747055053711,0.011240005493164062,0.5832,0.2155,0.0834,0.1202,128,2493,466,1407,7
BATADAL_test_noisy,ProbabilisticAutomata,seed_7,833,112,80,0.005637168884277344,0.004602670669555664,0.7935,0.0893,0.125,0.1042,10,651,102,70,7
SKAB_fold_1_unseen,LSTM,seed_7,4515,0,1546,4.915051698684692,0.29906630516052246,0.6576,0.0,0.0,0.0,0,2969,0,1546,7
SKAB_fold_1_unseen,1D-CNN,seed_7,4515,0,1546,3.523148536682129,0.21892118453979492,0.6576,0.0,0.0,0.0,0,2969,0,1546,7
SKAB_fold_1_unseen,GRU,seed_7,4515,0,1546,2.4527382850646973,0.3118736743927002,0.6576,0.0,0.0,0.0,0,2969,0,1546,7
SKAB_fold_2_unseen,LSTM,seed_7,4427,0,1598,4.915051698684692,0.3015570640563965,0.639,0.0,0.0,0.0,0,2829,0,1598,7
SKAB_fold_2_unseen,1D-CNN,seed_7,4427,0,1598,3.523148536682129,0.2207777500152588,0.639,0.0,0.0,0.0,0,2829,0,1598,7
SKAB_fold_2_unseen,GRU,seed_7,4427,0,1598,2.4527382850646973,0.31867194175720215,0.639,0.0,0.0,0.0,0,2829,0,1598,7
SKAB_fold_3_unseen,LSTM,seed_7,4506,0,1542,4.915051698684692,0.3014504909515381,0.6578,0.0,0.0,0.0,0,2964,0,1542,7
SKAB_fold_3_unseen,1D-CNN,seed_7,4506,0,1542,3.523148536682129,0.23235225677490234,0.6578,0.0,0.0,0.0,0,2964,0,1542,7
SKAB_fold_3_unseen,GRU,seed_7,4506,0,1542,2.4527382850646973,0.31597471237182617,0.6578,0.0,0.0,0.0,0,2964,0,1542,7
SKAB_fold_4_unseen,LSTM,seed_7,4515,0,1605,4.915051698684692,0.31647753715515137,0.6445,0.0,0.0,0.0,0,2910,0,1605,7
SKAB_fold_4_unseen,1D-CNN,seed_7,4515,0,1605,3.523148536682129,0.22341632843017578,0.6445,0.0,0.0,0.0,0,2910,0,1605,7
SKAB_fold_4_unseen,GRU,seed_7,4515,0,1605,2.4527382850646973,0.31699061393737793,0.6445,0.0,0.0,0.0,0,2910,0,1605,7
SKAB_fold_5_unseen,LSTM,seed_7,4494,0,1535,4.915051698684692,0.30190420150756836,0.6584,0.0,0.0,0.0,0,2959,0,1535,7
SKAB_fold_5_unseen,1D-CNN,seed_7,4494,0,1535,3.523148536682129,0.2281179428100586,0.6584,0.0,0.0,0.0,0,2959,0,1535,7
SKAB_fold_5_unseen,GRU,seed_7,4494,0,1535,2.4527382850646973,0.31464576721191406,0.6584,0.0,0.0,0.0,0,2959,0,1535,7
BATADAL_test_unseen,LSTM,seed_7,833,0,80,4.915051698684692,0.2019662857055664,0.904,0.0,0.0,0.0,0,753,0,80,7
BATADAL_test_unseen,1D-CNN,seed_7,833,0,80,3.523148536682129,0.13497185707092285,0.904,0.0,0.0,0.0,0,753,0,80,7
BATADAL_test_unseen,GRU,seed_7,833,0,80,2.4527382850646973,0.2273266315460205,0.904,0.0,0.0,0.0,0,753,0,80,7
SKAB_fold_1_unseen,ProbabilisticAutomata,seed_7,4515,451,1546,0.03956747055053711,0.010305404663085938,0.6219,0.3215,0.0938,0.1452,145,2663,306,1401,7
SKAB_fold_2_unseen,ProbabilisticAutomata,seed_7,4427,454,1598,0.03956747055053711,0.010902643203735352,0.6042,0.3304,0.0939,0.1462,150,2525,304,1448,7
SKAB_fold_3_unseen,ProbabilisticAutomata,seed_7,4506,235,1542,0.03956747055053711,0.010222434997558594,0.638,0.3106,0.0473,0.0822,73,2802,162,1469,7
SKAB_fold_4_unseen,ProbabilisticAutomata,seed_7,4515,252,1605,0.03956747055053711,0.010697603225708008,0.6259,0.3333,0.0523,0.0905,84,2742,168,1521,7
SKAB_fold_5_unseen,ProbabilisticAutomata,seed_7,4494,449,1535,0.03956747055053711,0.01104283332824707,0.6231,0.3229,0.0945,0.1462,145,2655,304,1390,7
BATADAL_test_unseen,ProbabilisticAutomata,seed_7,833,87,80,0.005637168884277344,0.004015207290649414,0.8139,0.069,0.075,0.0719,6,672,81,74,7
SKAB_fold_1,LSTM,seed_999,4515,0,1546,3.1558542251586914,0.30762743949890137,0.6576,0.0,0.0,0.0,0,2969,0,1546,999
SKAB_fold_1,1D-CNN,seed_999,4515,0,1546,3.1139168739318848,0.23218631744384766,0.6576,0.0,0.0,0.0,0,2969,0,1546,999
SKAB_fold_1,GRU,seed_999,4515,0,1546,3.4290473461151123,0.31937456130981445,0.6576,0.0,0.0,0.0,0,2969,0,1546,999
SKAB_fold_2,LSTM,seed_999,4427,0,1598,3.1558542251586914,0.30457091331481934,0.639,0.0,0.0,0.0,0,2829,0,1598,999
SKAB_fold_2,1D-CNN,seed_999,4427,0,1598,3.1139168739318848,0.24421954154968262,0.639,0.0,0.0,0.0,0,2829,0,1598,999
SKAB_fold_2,GRU,seed_999,4427,0,1598,3.4290473461151123,0.30858850479125977,0.639,0.0,0.0,0.0,0,2829,0,1598,999
SKAB_fold_3,LSTM,seed_999,4506,0,1542,3.1558542251586914,0.3076622486114502,0.6578,0.0,0.0,0.0,0,2964,0,1542,999
SKAB_fold_3,1D-CNN,seed_999,4506,0,1542,3.1139168739318848,0.230332612991333,0.6578,0.0,0.0,0.0,0,2964,0,1542,999
SKAB_fold_3,GRU,seed_999,4506,0,1542,3.4290473461151123,0.31823134422302246,0.6578,0.0,0.0,0.0,0,2964,0,1542,999
SKAB_fold_4,LSTM,seed_999,4515,0,1605,3.1558542251586914,0.29445624351501465,0.6445,0.0,0.0,0.0,0,2910,0,1605,999
SKAB_fold_4,1D-CNN,seed_999,4515,0,1605,3.1139168739318848,0.22799134254455566,0.6445,0.0,0.0,0.0,0,2910,0,1605,999
SKAB_fold_4,GRU,seed_999,4515,0,1605,3.4290473461151123,0.3115501403808594,0.6445,0.0,0.0,0.0,0,2910,0,1605,999
SKAB_fold_5,LSTM,seed_999,4494,0,1535,3.1558542251586914,0.3029062747955322,0.6584,0.0,0.0,0.0,0,2959,0,1535,999
SKAB_fold_5,1D-CNN,seed_999,4494,0,1535,3.1139168739318848,0.22402620315551758,0.6584,0.0,0.0,0.0,0,2959,0,1535,999
SKAB_fold_5,GRU,seed_999,4494,0,1535,3.4290473461151123,0.3161349296569824,0.6584,0.0,0.0,0.0,0,2959,0,1535,999
BATADAL_test,LSTM,seed_999,833,0,80,3.1558542251586914,0.2084362506866455,0.904,0.0,0.0,0.0,0,753,0,80,999
BATADAL_test,1D-CNN,seed_999,833,0,80,3.1139168739318848,0.13140296936035156,0.904,0.0,0.0,0.0,0,753,0,80,999
BATADAL_test,GRU,seed_999,833,0,80,3.4290473461151123,0.22189784049987793,0.904,0.0,0.0,0.0,0,753,0,80,999
SKAB_fold_1,ProbabilisticAutomata,seed_999,4515,138,1546,0.037955284118652344,0.011138200759887695,0.6483,0.3478,0.031,0.057,48,2879,90,1498,999
SKAB_fold_2,ProbabilisticAutomata,seed_999,4427,36,1598,0.037955284118652344,0.009966135025024414,0.6327,0.1111,0.0025,0.0049,4,2797,32,1594,999
SKAB_fold_3,ProbabilisticAutomata,seed_999,4506,5,1542,0.037955284118652344,0.010475873947143555,0.6567,0.0,0.0,0.0,0,2959,5,1542,999
SKAB_fold_4,ProbabilisticAutomata,seed_999,4515,40,1605,0.037955284118652344,0.01260685920715332,0.6432,0.425,0.0106,0.0207,17,2887,23,1588,999
SKAB_fold_5,ProbabilisticAutomata,seed_999,4494,24,1535,0.037955284118652344,0.011488676071166992,0.6544,0.125,0.002,0.0038,3,2938,21,1532,999
BATADAL_test,ProbabilisticAutomata,seed_999,833,31,80,0.00583195686340332,0.0051004886627197266,0.8739,0.0968,0.0375,0.0541,3,725,28,77,999
SKAB_fold_1_noisy,LSTM,seed_999,4515,0,1546,3.1558542251586914,0.30605268478393555,0.6576,0.0,0.0,0.0,0,2969,0,1546,999
SKAB_fold_1_noisy,1D-CNN,seed_999,4515,0,1546,3.1139168739318848,0.2324504852294922,0.6576,0.0,0.0,0.0,0,2969,0,1546,999
SKAB_fold_1_noisy,GRU,seed_999,4515,0,1546,3.4290473461151123,0.3169581890106201,0.6576,0.0,0.0,0.0,0,2969,0,1546,999
SKAB_fold_2_noisy,LSTM,seed_999,4427,0,1598,3.1558542251586914,0.29774975776672363,0.639,0.0,0.0,0.0,0,2829,0,1598,999
SKAB_fold_2_noisy,1D-CNN,seed_999,4427,0,1598,3.1139168739318848,0.22333192825317383,0.639,0.0,0.0,0.0,0,2829,0,1598,999
SKAB_fold_2_noisy,GRU,seed_999,4427,0,1598,3.4290473461151123,0.9539177417755127,0.639,0.0,0.0,0.0,0,2829,0,1598,999
SKAB_fold_3_noisy,LSTM,seed_999,4506,0,1542,3.1558542251586914,0.3025979995727539,0.6578,0.0,0.0,0.0,0,2964,0,1542,999
SKAB_fold_3_noisy,1D-CNN,seed_999,4506,0,1542,3.1139168739318848,0.2293393611907959,0.6578,0.0,0.0,0.0,0,2964,0,1542,999
SKAB_fold_3_noisy,GRU,seed_999,4506,0,1542,3.4290473461151123,0.3127472400665283,0.6578,0.0,0.0,0.0,0,2964,0,1542,999
SKAB_fold_4_noisy,LSTM,seed_999,4515,0,1605,3.1558542251586914,0.3012869358062744,0.6445,0.0,0.0,0.0,0,2910,0,1605,999
SKAB_fold_4_noisy,1D-CNN,seed_999,4515,0,1605,3.1139168739318848,0.22983956336975098,0.6445,0.0,0.0,0.0,0,2910,0,1605,999
SKAB_fold_4_noisy,GRU,seed_999,4515,0,1605,3.4290473461151123,0.31449317932128906,0.6445,0.0,0.0,0.0,0,2910,0,1605,999
SKAB_fold_5_noisy,LSTM,seed_999,4494,0,1535,3.1558542251586914,0.30248045921325684,0.6584,0.0,0.0,0.0,0,2959,0,1535,999
SKAB_fold_5_noisy,1D-CNN,seed_999,4494,0,1535,3.1139168739318848,0.2541019916534424,0.6584,0.0,0.0,0.0,0,2959,0,1535,999
SKAB_fold_5_noisy,GRU,seed_999,4494,0,1535,3.4290473461151123,0.31615233421325684,0.6584,0.0,0.0,0.0,0,2959,0,1535,999
BATADAL_test_noisy,LSTM,seed_999,833,0,80,3.1558542251586914,0.20689010620117188,0.904,0.0,0.0,0.0,0,753,0,80,999
BATADAL_test_noisy,1D-CNN,seed_999,833,0,80,3.1139168739318848,0.1333014965057373,0.904,0.0,0.0,0.0,0,753,0,80,999
BATADAL_test_noisy,GRU,seed_999,833,0,80,3.4290473461151123,0.22261524200439453,0.904,0.0,0.0,0.0,0,753,0,80,999
SKAB_fold_1_noisy,ProbabilisticAutomata,seed_999,4515,1094,1546,0.037955284118652344,0.010370492935180664,0.5823,0.3446,0.2439,0.2856,377,2252,717,1169,999
SKAB_fold_2_noisy,ProbabilisticAutomata,seed_999,4427,673,1598,0.037955284118652344,0.01032114028930664,0.5647,0.2556,0.1076,0.1515,172,2328,501,1426,999
SKAB_fold_3_noisy,ProbabilisticAutomata,seed_999,4506,442,1542,0.037955284118652344,0.010492324829101562,0.5957,0.1833,0.0525,0.0817,81,2603,361,1461,999
SKAB_fold_4_noisy,ProbabilisticAutomata,seed_999,4515,430,1605,0.037955284118652344,0.01140904426574707,0.6202,0.3721,0.0997,0.1572,160,2640,270,1445,999
SKAB_fold_5_noisy,ProbabilisticAutomata,seed_999,4494,611,1535,0.037955284118652344,0.009964942932128906,0.5696,0.1735,0.0691,0.0988,106,2454,505,1429,999
BATADAL_test_noisy,ProbabilisticAutomata,seed_999,833,108,80,0.00583195686340332,0.0026030540466308594,0.7887,0.0556,0.075,0.0638,6,651,102,74,999
SKAB_fold_1_unseen,LSTM,seed_999,4515,0,1546,3.1558542251586914,0.29881858825683594,0.6576,0.0,0.0,0.0,0,2969,0,1546,999
SKAB_fold_1_unseen,1D-CNN,seed_999,4515,0,1546,3.1139168739318848,0.23213553428649902,0.6576,0.0,0.0,0.0,0,2969,0,1546,999
SKAB_fold_1_unseen,GRU,seed_999,4515,0,1546,3.4290473461151123,0.3155965805053711,0.6576,0.0,0.0,0.0,0,2969,0,1546,999
SKAB_fold_2_unseen,LSTM,seed_999,4427,0,1598,3.1558542251586914,0.2967216968536377,0.639,0.0,0.0,0.0,0,2829,0,1598,999
SKAB_fold_2_unseen,1D-CNN,seed_999,4427,0,1598,3.1139168739318848,0.22345972061157227,0.639,0.0,0.0,0.0,0,2829,0,1598,999
SKAB_fold_2_unseen,GRU,seed_999,4427,0,1598,3.4290473461151123,0.3158450126647949,0.639,0.0,0.0,0.0,0,2829,0,1598,999
SKAB_fold_3_unseen,LSTM,seed_999,4506,0,1542,3.1558542251586914,0.3054354190826416,0.6578,0.0,0.0,0.0,0,2964,0,1542,999
SKAB_fold_3_unseen,1D-CNN,seed_999,4506,0,1542,3.1139168739318848,0.22566962242126465,0.6578,0.0,0.0,0.0,0,2964,0,1542,999
SKAB_fold_3_unseen,GRU,seed_999,4506,0,1542,3.4290473461151123,0.31203126907348633,0.6578,0.0,0.0,0.0,0,2964,0,1542,999
SKAB_fold_4_unseen,LSTM,seed_999,4515,0,1605,3.1558542251586914,0.2950890064239502,0.6445,0.0,0.0,0.0,0,2910,0,1605,999
SKAB_fold_4_unseen,1D-CNN,seed_999,4515,0,1605,3.1139168739318848,0.22958636283874512,0.6445,0.0,0.0,0.0,0,2910,0,1605,999
SKAB_fold_4_unseen,GRU,seed_999,4515,0,1605,3.4290473461151123,0.313922643661499,0.6445,0.0,0.0,0.0,0,2910,0,1605,999
SKAB_fold_5_unseen,LSTM,seed_999,4494,0,1535,3.1558542251586914,0.2996797561645508,0.6584,0.0,0.0,0.0,0,2959,0,1535,999
SKAB_fold_5_unseen,1D-CNN,seed_999,4494,0,1535,3.1139168739318848,0.22536396980285645,0.6584,0.0,0.0,0.0,0,2959,0,1535,999
SKAB_fold_5_unseen,GRU,seed_999,4494,0,1535,3.4290473461151123,0.3135538101196289,0.6584,0.0,0.0,0.0,0,2959,0,1535,999
BATADAL_test_unseen,LSTM,seed_999,833,0,80,3.1558542251586914,0.21348333358764648,0.904,0.0,0.0,0.0,0,753,0,80,999
BATADAL_test_unseen,1D-CNN,seed_999,833,0,80,3.1139168739318848,0.13440346717834473,0.904,0.0,0.0,0.0,0,753,0,80,999
BATADAL_test_unseen,GRU,seed_999,833,0,80,3.4290473461151123,0.2219552993774414,0.904,0.0,0.0,0.0,0,753,0,80,999
SKAB_fold_1_unseen,ProbabilisticAutomata,seed_999,4515,446,1546,0.037955284118652344,0.010608434677124023,0.6252,0.3363,0.097,0.1506,150,2673,296,1396,999
SKAB_fold_2_unseen,ProbabilisticAutomata,seed_999,4427,454,1598,0.037955284118652344,0.010491609573364258,0.6115,0.3656,0.1039,0.1618,166,2541,288,1432,999
SKAB_fold_3_unseen,ProbabilisticAutomata,seed_999,4506,225,1542,0.037955284118652344,0.011466264724731445,0.6403,0.3244,0.0473,0.0826,73,2812,152,1469,999
SKAB_fold_4_unseen,ProbabilisticAutomata,seed_999,4515,238,1605,0.037955284118652344,0.01001429557800293,0.6326,0.3866,0.0573,0.0998,92,2764,146,1513,999
SKAB_fold_5_unseen,ProbabilisticAutomata,seed_999,4494,438,1535,0.037955284118652344,0.01048898696899414,0.6246,0.3265,0.0932,0.145,143,2664,295,1392,999
BATADAL_test_unseen,ProbabilisticAutomata,seed_999,833,91,80,0.00583195686340332,0.004172801971435547,0.8283,0.1538,0.175,0.1637,14,676,77,66,999
